Sample ID,Date,Hour,Tank,Sample,Treatment,sample,NH4,Si(uM),NO2(uM),N+N(uM),NO3(uM),PO4(uM)
1_3,09-14-2020,08:40:00,3,1,NH4,Chl,8.979,,,,,
1_4,09-14-2020,08:40:00,4,1,NH4,Chl,9.207,,,,,
1_7,09-14-2020,08:40:00,7,1,NH4,Chl,8.772,,,,,
1_8,09-14-2020,08:40:00,8,1,NH4,Chl,8.946,,,,,
2_3,09-14-2020,15:22:00,3,2,NH4,Chl,5.842,,,,,
2_4,09-14-2020,15:22:00,4,2,NH4,Chl,6.535,,,,,
2_7,09-14-2020,15:22:00,7,2,NH4,Chl,4.916,,,,,
2_8,09-14-2020,15:22:00,8,2,NH4,Chl,4.264,,,,,
3_3,09-14-2020,19:30:00,3,3,NH4,Chl,10.793,,,,,
3_4,09-14-2020,19:30:00,4,3,NH4,Chl,11.155,,,,,
3_7,09-14-2020,19:30:00,7,3,NH4,Chl,10.142,,,,,
3_8,09-14-2020,19:30:00,8,3,NH4,Chl,10.682,,,,,
4_3,09-15-2020,19:00:00,3,4,NH4,Chl,3.587,,,,,
4_4,09-15-2020,19:00:00,4,4,NH4,Chl,4.001,,,,,
4_7,09-15-2020,19:00:00,7,4,NH4,Chl,3.408,,,,,
4_8,09-15-2020,19:00:00,8,4,NH4,Chl,1.387,,,,,
5_3,09-16-2020,14:00:00,3,5,NH4,Chl,4.89,,,,,
5_4,09-16-2020,14:00:00,4,5,NH4,Chl,3.675,,,,,
5_7,09-16-2020,14:00:00,7,5,NH4,Chl,4.661,,,,,
5_8,09-16-2020,14:00:00,8,5,NH4,Chl,3.318,,,,,
6_3,09-16-2020,17:00:00,3,6,NH4,Chl,10.791,,,,,
6_4,09-16-2020,17:00:00,4,6,NH4,Chl,11.406,,,,,
6_7,09-16-2020,17:00:00,7,6,NH4,Chl,10.717,,,,,
6_8,09-16-2020,17:00:00,8,6,NH4,Chl,11.095,,,,,
7_3,09-17-2020,08:05:00,3,7,NH4,Chl,9.226,,,,,
7_4,09-17-2020,08:05:00,4,7,NH4,Chl,9.121,,,,,
7_7,09-17-2020,08:05:00,7,7,NH4,Chl,8.529,,,,,
7_8,09-17-2020,08:05:00,8,7,NH4,Chl,8.69,,,,,
7_1,09-17-2020,08:05:00,1,7,Ambient,Chl,0.417,,,,,
7_2,09-17-2020,08:05:00,2,7,Ambient,Chl,0.406,,,,,
7_5,09-17-2020,08:05:00,5,7,Ambient,Chl,0.269,,,,,
7_6,09-17-2020,08:05:00,6,7,Ambient,Chl,0.242,,,,,
8_3,09-17-2020,16:30:00,3,8,NH4,Chl,7.654,,,,,
8_4,09-17-2020,16:30:00,4,8,NH4,Chl,8.006,,,,,
8_7,09-17-2020,16:30:00,7,8,NH4,Chl,7.59,,,,,
8_8,09-17-2020,16:30:00,8,8,NH4,Chl,8.079,,,,,
9_3,09-17-2020,19:50:00,3,9,NH4,Chl,11.417,,,,,
9_4,09-17-2020,19:50:00,4,9,NH4,Chl,11.568,,,,,
9_7,09-17-2020,19:50:00,7,9,NH4,Chl,11.062,,,,,
9_8,09-17-2020,19:50:00,8,9,NH4,Chl,10.831,,,,,
10_3,09-18-2020,09:00:00,3,10,NH4,Chl,8.258,,,,,
10_4,09-18-2020,09:00:00,4,10,NH4,Chl,9.703,,,,,
10_7,09-18-2020,09:00:00,7,10,NH4,Chl,8.956,,,,,
10_8,09-18-2020,09:00:00,8,10,NH4,Chl,8.48,,,,,
15_3,09-18-2020,16:45:00,3,15,NH4,Chl,6.892,,,,,
15_4,09-18-2020,16:45:00,4,15,NH4,Chl,8.397,,,,,
15_7,09-18-2020,16:45:00,7,15,NH4,Chl,6.306,,,,,
15_8,09-18-2020,16:45:00,8,15,NH4,Chl,6.58,,,,,
11_3,09-19-2020,13:30:00,3,11,NH4,Chl,5.798,,,,,
11_4,09-19-2020,13:30:00,4,11,NH4,Chl,6.981,,,,,
11_7,09-19-2020,13:30:00,7,11,NH4,Chl,2.312,,,,,
11_8,09-19-2020,13:30:00,8,11,NH4,Chl,5.053,,,,,
12_3,09-21-2020,12:00:00,3,12,NH4,Chl,6.731,,,,,
12_4,09-21-2020,12:00:00,4,12,NH4,Chl,7.315,,,,,
12_7,09-21-2020,12:00:00,7,12,NH4,Chl,6.837,,,,,
12_8,09-21-2020,12:00:00,8,12,NH4,Chl,1.261,,,,,
13_1,09-22-2020,14:00:00,1,13,Ambient,Chl,0.442,,,,,
13_2,09-22-2020,14:00:00,2,13,Ambient,Chl,0.499,,,,,
13_3,09-22-2020,14:00:00,3,13,NH4,Chl,6.986,,,,,
13_4,09-22-2020,14:00:00,4,13,NH4,Chl,6.255,,,,,
13_5,09-22-2020,14:00:00,5,13,Ambient,Chl,0.303,,,,,
13_6,09-22-2020,14:00:00,6,13,Ambient,Chl,0.322,,,,,
13_7,09-22-2020,14:00:00,7,13,NH4,Chl,5.701,,,,,
13_8,09-22-2020,14:00:00,8,13,NH4,Chl,5.666,,,,,
14_3,09-23-2020,13:00:00,3,14,NH4,Chl,7.333,,,,,
14_4,09-23-2020,13:00:00,4,14,NH4,Chl,6.578,,,,,
14_7,09-23-2020,13:00:00,7,14,NH4,Chl,7.676,,,,,
14_8,09-23-2020,13:00:00,8,14,NH4,Chl,6.419,,,,,
16_3,09-24-2020,13:00:00,3,16,NH4,Chl,9.354,,,,,
16_4,09-24-2020,13:00:00,4,16,NH4,Chl,6.227,,,,,
16_7,09-24-2020,13:00:00,7,16,NH4,Chl,10.337,,,,,
16_8,09-24-2020,13:00:00,8,16,NH4,Chl,9.167,,,,,
16_1,09-24-2020,13:00:00,1,16,Ambient,Chl,1.141,,,,,
16_2,09-24-2020,13:00:00,2,16,Ambient,Chl,0.821,,,,,
16_5,09-24-2020,13:00:00,5,16,Ambient,Chl,0.79,,,,,
16_6,09-24-2020,13:00:00,6,16,Ambient,Chl,1.071,,,,,
17_3,09-25-2020,15:30:00,3,17,NH4,Chl,13.928,,,,,
17_4,09-25-2020,15:30:00,4,17,NH4,Chl,10.942,,,,,
17_7,09-25-2020,15:30:00,7,17,NH4,Chl,15.295,,,,,
17_8,09-25-2020,15:30:00,8,17,NH4,Chl,16.39,,,,,
18_3,09-26-2020,17:30:00,3,18,NH4,Chl,15.585,,,,,
18_4,09-26-2020,17:30:00,4,18,NH4,Chl,10.529,,,,,
18_7,09-26-2020,17:30:00,7,18,NH4,Chl,16.691,,,,,
18_8,09-26-2020,17:30:00,8,18,NH4,Chl,22.693,,,,,
19_3,09-27-2020,14:00:00,3,19,NH4,Chl,18.446,,,,,
19_4,09-27-2020,14:00:00,4,19,NH4,Chl,24.182,,,,,
19_7,09-27-2020,14:00:00,7,19,NH4,Chl,18.932,,,,,
19_8,09-27-2020,14:00:00,8,19,NH4,Chl,27.807,,,,,
20_3,09-28-2020,12:15:00,3,20,NH4,Chl,23.878,,,,,
20_4,09-28-2020,12:15:00,4,20,NH4,Chl,31.559,,,,,
20_7,09-28-2020,12:15:00,7,20,NH4,Chl,24.582,,,,,
20_8,09-28-2020,12:15:00,8,20,NH4,Chl,31.343,,,,,
21_3,09-29-2020,12:00:00,3,21,NH4,Chl,26.699,,,,,
21_4,09-29-2020,12:00:00,4,21,NH4,Chl,26.127,,,,,
21_7,09-29-2020,12:00:00,7,21,NH4,Chl,26.782,,,,,
21_8,09-29-2020,12:00:00,8,21,NH4,Chl,27.54,,,,,
22_3,09-30-2020,12:00:00,3,22,NH4,Chl,24.67,,,,,
22_4,09-30-2020,12:00:00,4,22,NH4,Chl,20.689,,,,,
22_7,09-30-2020,12:00:00,7,22,NH4,Chl,21.183,,,,,
22_8,09-30-2020,12:00:00,8,22,NH4,Chl,22.597,,,,,
23_3,10-01-2020,07:30:00,3,23,NH4,Chl,22.776,,,,,
23_4,10-01-2020,07:30:00,4,23,NH4,Chl,19.444,,,,,
23_7,10-01-2020,07:30:00,7,23,NH4,Chl,20.798,,,,,
23_8,10-01-2020,07:30:00,8,23,NH4,Chl,22.595,,,,,
23_1,10-01-2020,07:30:00,1,23,Ambient,Chl,8.395,,,,,
23_2,10-01-2020,07:30:00,2,23,Ambient,Chl,10.816,,,,,
23_5,10-01-2020,07:30:00,5,23,Ambient,Chl,11.327,,,,,
23_6,10-01-2020,07:30:00,6,23,Ambient,Chl,9.884,,,,,
25-01,10-2-2020,09:30:00,1,25,Ambient,Chl,6.25,0.1,0.22,3.82,3.6,0.44
25-02,10-2-2020,09:30:00,2,25,Ambient,Chl,9.28,0.6,0.8,5.06,4.26,0.61
25-03,10-2-2020,09:30:00,3,25,NH4,Chl,16.18,4.5,0.85,5.22,4.36,0.3
25-04,10-2-2020,09:30:00,4,25,NH4,Chl,14.27,2,0.38,4.48,4.09,0.25
25-05,10-2-2020,09:30:00,5,25,Ambient,Chl,5.42,1.1,0.4,4.44,4.03,0.4
25-06,10-2-2020,09:30:00,6,25,Ambient,Chl,6.21,0.1,0.19,4.01,3.82,0.52
25-07,10-2-2020,09:30:00,7,25,NH4,Chl,12.56,1.1,0.39,4.48,4.09,0.21
25-08,10-2-2020,09:30:00,8,25,NH4,Chl,15.06,1.5,0.48,4.32,3.83,0.28
26-01,10-3-2020,14:30:00,1,26,Ambient,Chl,7.57,1.6,0.25,4.55,4.3,0.37
26-02,10-3-2020,14:30:00,2,26,Ambient,Chl,9.75,1.7,1.06,5.65,4.59,0.58
26-03,10-3-2020,14:30:00,3,26,NH4,Chl,18.75,5,1.27,5.71,4.44,0.48
26-04,10-3-2020,14:30:00,4,26,NH4,Chl,18.48,4.1,0.51,4.77,4.26,0.53
26-05,10-3-2020,14:30:00,5,26,Ambient,Chl,7.06,1.9,0.51,5.16,4.64,0.41
26-06,10-3-2020,14:30:00,6,26,Ambient,Chl,5.22,0.1,0.24,4.04,3.8,0.45
26-07,10-3-2020,14:30:00,7,26,NH4,Chl,17.71,3.2,0.5,4.79,4.3,0.43
26-08,10-3-2020,14:30:00,8,26,NH4,Chl,19.56,3.4,0.74,4.85,4.11,0.46
Source Samp(green),10-3-2020,14:30:00,Samp(green),Source,Ambient,Chl,0.52,5.5,0.07,3.92,3.85,0.11
26-TT,10-3-2020,14:30:00,TT,26,Ambient,Chl,1.61,0.3,0.62,2.96,2.34,0.36
27-01,10-4-2020,13:30:00,1,27,Ambient,Chl,7.83,0.3,0.3,4.72,4.42,0.55
27-02,10-4-2020,13:30:00,2,27,Ambient,Chl,10.01,0.5,1.26,6.29,5.04,0.64
27-03,10-4-2020,13:30:00,3,27,NH4,Chl,21.36,2.6,3.21,8.22,5.01,1.57
27-04,10-4-2020,13:30:00,4,27,NH4,Chl,21.13,0.9,1.2,5.54,4.34,1.93
27-05,10-4-2020,13:30:00,5,27,Ambient,Chl,8.63,1.3,0.66,5.52,4.86,0.55
27-06,10-4-2020,13:30:00,6,27,Ambient,Chl,4.67,0,0.27,4.01,3.74,0.41
27-07,10-4-2020,13:30:00,7,27,NH4,Chl,21.51,0.4,1.16,5.57,4.41,1.38
27-08,10-4-2020,13:30:00,8,27,NH4,Chl,21.17,0.4,1.8,6.2,4.4,1.51
27 Beach,10-4-2020,13:30:00,Beach,27,Ambient,Chl,2.49,4.8,0.23,1.41,1.18,0.28
28-01,10-5-2020,12:00:00,1,28,Ambient,Chl,6.12,0,0.36,4.98,4.63,0.41
28-02,10-5-2020,12:00:00,2,28,Ambient,Chl,8.5,0.4,1.7,7,5.3,0.4
28-03,10-5-2020,12:00:00,3,28,NH4,Chl,18.24,1.6,2.85,8.06,5.21,0.55
28-04,10-5-2020,12:00:00,4,28,NH4,Chl,19.88,0.3,1.13,5.67,4.54,0.5
28-05,10-5-2020,12:00:00,5,28,Ambient,Chl,8.4,0.2,1.05,6.5,5.45,0.35
28-06,10-5-2020,12:00:00,6,28,Ambient,Chl,3.38,0.5,0.27,3.89,3.63,0.27
28-07,10-5-2020,12:00:00,7,28,NH4,Chl,18.7,0.7,1.1,5.74,4.63,0.45
28-08,10-5-2020,12:00:00,8,28,NH4,Chl,17.42,0,1.7,6.53,4.82,0.46
29-01,10-6-2020,10:30:00,1,29,Ambient,Chl,5.71,0,0.57,4.83,4.27,0.37
29-02,10-6-2020,10:30:00,2,29,Ambient,Chl,7.44,0,2.64,7.84,5.2,0.45
29-03,10-6-2020,10:30:00,3,29,NH4,Chl,12.54,0,3.95,9.01,5.06,0.38
29-04,10-6-2020,10:30:00,4,29,NH4,Chl,15.82,0,1.7,6.33,4.63,0.45
29-05,10-6-2020,10:30:00,5,29,Ambient,Chl,4.78,0,1.4,5.99,4.6,0.29
29-06,10-6-2020,10:30:00,6,29,Ambient,Chl,2.93,0,0.39,3.27,2.88,0.21
29-07,10-6-2020,10:30:00,7,29,NH4,Chl,12.84,0,1.6,6.48,4.88,0.28
29-08,10-6-2020,10:30:00,8,29,NH4,Chl,12.84,0,2.5,7.09,4.59,0.34
30-01,10-6-2020,16:00:00,1,30,Ambient,Chl,5.3,0,0.56,5.3,4.74,0.37
30-02,10-6-2020,16:00:00,2,30,Ambient,Chl,7.16,0.2,2.69,8.28,5.59,0.54
30-03,10-6-2020,16:00:00,3,30,NH4,Chl,10.87,0,4.08,9.76,5.68,0.42
30-04,10-6-2020,16:00:00,4,30,NH4,Chl,14.54,0,1.82,6.74,4.92,0.47
30-05,10-6-2020,16:00:00,5,30,Ambient,Chl,4.04,0,1.42,6.71,5.29,0.3
30-06,10-6-2020,16:00:00,6,30,Ambient,Chl,3.16,0,0.4,3.7,3.31,0.26
30-07,10-6-2020,16:00:00,7,30,NH4,Chl,11.85,0,1.66,6.86,5.2,0.33
30-08,10-6-2020,16:00:00,8,30,NH4,Chl,12.54,0,2.62,7.59,4.96,0.46
31-01,10-7-2020,08:00:00,1,31,Ambient,Chl,4.15,0,0.55,4.6,4.05,0.34
31-02,10-7-2020,08:00:00,2,31,Ambient,Chl,7.32,0,3.05,7.39,4.34,0.54
31-03,10-7-2020,08:00:00,3,31,NH4,Chl,9.6,0,4.15,8.56,4.41,0.31
31-04,10-7-2020,08:00:00,4,31,NH4,Chl,13.31,0,2.08,5.69,3.61,0.37
31-05,10-7-2020,08:00:00,5,31,Ambient,Chl,3.3,0,1.62,5.08,3.46,0.28
31-06,10-7-2020,08:00:00,6,31,Ambient,Chl,2.33,0,0.39,3.1,2.71,0.24
31-07,10-7-2020,08:00:00,7,31,NH4,Chl,9.16,0,1.78,5.82,4.04,0.24
31-08,10-7-2020,08:00:00,8,31,NH4,Chl,9.9,0,2.87,6.57,3.7,0.3
32-01,10-7-2020,12:30:00,1,32,Ambient,Chl,2.68,0,0.56,4.85,4.29,0.42
32-02,10-7-2020,12:30:00,2,32,Ambient,Chl,5.59,0,3.14,8.84,5.71,0.51
32-03,10-7-2020,12:30:00,3,32,NH4,Chl,6.92,0,4.1,9.71,5.61,0.3
32-04,10-7-2020,12:30:00,4,32,NH4,Chl,10.7,0,2.13,6.89,4.76,0.35
32-05,10-7-2020,12:30:00,5,32,Ambient,Chl,1.61,0,1.59,5.61,4.02,0.32
32-06,10-7-2020,12:30:00,6,32,Ambient,Chl,1.65,0,0.34,2.07,1.73,0.24
32-07,10-7-2020,12:30:00,7,32,NH4,Chl,6.52,0,1.76,6.88,5.12,0.18
32-08,10-7-2020,12:30:00,8,32,NH4,Chl,7.45,0,2.87,7.74,4.88,0.23
33-01,10-7-2020,16:15:00,1,33,Ambient,Chl,3.41,0,0.57,4.73,4.16,0.37
33-02,10-7-2020,16:15:00,2,33,Ambient,Chl,5.99,0.1,3.12,8.56,5.44,0.58
33-03,10-7-2020,16:15:00,3,33,NH4,Chl,6.37,0,4.09,9.5,5.41,0.39
33-04,10-7-2020,16:15:00,4,33,NH4,Chl,10.43,0,2.22,6.92,4.7,0.48
33-05,10-7-2020,16:15:00,5,33,Ambient,Chl,2.17,0,1.6,5.43,3.83,0.32
33-06,10-7-2020,16:15:00,6,33,Ambient,Chl,2.13,0.1,0.35,2.48,2.13,0.31
33-07,10-7-2020,16:15:00,7,33,NH4,Chl,6.62,0,1.82,6.88,5.06,0.27
33-08,10-7-2020,16:15:00,8,33,NH4,Chl,8.18,0,2.98,7.74,4.76,0.49
VAT 10.7.20,10-7-2020,16:15:00,10.7.20,VAT,Ambient,Chl,0.71,6.2,0.07,5.01,4.94,0.09
34-01,10-8-2020,08:30:00,1,34,Ambient,Chl,4.78,0,0.74,3.58,2.84,0.34
34-02,10-8-2020,08:30:00,2,34,Ambient,Chl,6.57,0.8,3.05,7.64,4.6,0.53
34-03,10-8-2020,08:30:00,3,34,NH4,Chl,7.19,2.1,2.37,6.87,4.51,0.24
34-04,10-8-2020,08:30:00,4,34,NH4,Chl,10.57,2.4,1.53,5.6,4.07,0.35
34-05,10-8-2020,08:30:00,5,34,Ambient,Chl,2.35,0,1.55,3.74,2.19,0.29
34-06,10-8-2020,08:30:00,6,34,Ambient,Chl,2.86,0.5,0.35,0.97,0.62,0.26
34-07,10-8-2020,08:30:00,7,34,NH4,Chl,7.04,2.2,1.15,5.36,4.2,0.25
34-08,10-8-2020,08:30:00,8,34,NH4,Chl,8.5,1.9,2.03,6.02,3.98,0.19
35-01,10-8-2020,12:30:00,1,35,Ambient,Chl,4.98,0,0.75,4.37,3.61,0.31
35-02,10-8-2020,12:30:00,2,35,Ambient,Chl,6.68,0.5,3.1,8.67,5.57,0.46
35-03,10-8-2020,12:30:00,3,35,NH4,Chl,6.79,2.2,2.33,7.99,5.66,0.29
35-04,10-8-2020,12:30:00,4,35,NH4,Chl,9.48,2.4,1.52,6.66,5.15,0.34
35-05,10-8-2020,12:30:00,5,35,Ambient,Chl,1.62,0,1.57,4.58,3.01,0.17
35-06,10-8-2020,12:30:00,6,35,Ambient,Chl,2.03,0.2,0.35,1.91,1.56,0.3
35-07,10-8-2020,12:30:00,7,35,NH4,Chl,7.01,2.2,2.37,8.41,6.04,0.32
35-08,10-8-2020,12:30:00,8,35,NH4,Chl,9.96,2.4,1.52,6.74,5.22,0.36
36-01,10-8-2020,16:30:00,1,36,Ambient,Chl,4.49,0,0.76,4.6,3.84,0.34
36-02,10-8-2020,16:30:00,2,36,Ambient,Chl,6.46,0.8,3.03,8.57,5.54,0.53
36-03,10-8-2020,16:30:00,3,36,NH4,Chl,7.52,2.1,2.37,7.83,5.46,0.26
36-04,10-8-2020,16:30:00,4,36,NH4,Chl,10.32,2.3,1.53,6.38,4.85,0.33
36-05,10-8-2020,16:30:00,5,36,Ambient,Chl,2.27,0,1.55,4.7,3.15,0.25
36-06,10-8-2020,16:30:00,6,36,Ambient,Chl,2.53,0.4,0.35,2.01,1.66,0.21
36-07,10-8-2020,16:30:00,7,36,NH4,Chl,7.61,2.1,1.14,6.54,5.4,0.19
36-08,10-8-2020,16:30:00,8,36,NH4,Chl,8.51,1.9,2.04,7.34,5.31,0.21
37-01,10-9-2020,08:30:00,1,37,Ambient,Chl,4.51,0,0.77,4.88,4.11,0.41
37-02,10-9-2020,08:30:00,2,37,Ambient,Chl,4.89,0.9,2.65,8.43,5.78,0.42
37-03,10-9-2020,08:30:00,3,37,NH4,Chl,6.86,0.1,3,7.55,4.56,0.19
37-04,10-9-2020,08:30:00,4,37,NH4,Chl,10.69,0.3,2.1,7.25,5.16,0.28
37-05,10-9-2020,08:30:00,5,37,Ambient,Chl,2,0,1.53,4.52,2.99,0.2
37-06,10-9-2020,08:30:00,6,37,Ambient,Chl,2.67,1,0.4,2.63,2.24,0.23
37-07,10-9-2020,08:30:00,7,37,NH4,Chl,7.96,0,1.54,6.9,5.36,0.2
37-08,10-9-2020,08:30:00,8,37,NH4,Chl,8.77,0,2.85,7.87,5.03,0.16
38-01,10-9-2020,16:30:00 AM,1,38,Ambient,Chl,1.29,1.7,0.43,4.95,4.52,0.11
38-02,10-9-2020,16:30:00 AM,2,38,Ambient,Chl,2.1,2.9,1.59,7.01,5.42,0.17
38-03,10-9-2020,16:30:00 AM,3,38,NH4,Chl,3.01,0,3.35,9.17,5.82,0.1
38-04,10-9-2020,16:30:00 AM,4,38,NH4,Chl,8.15,0,2.52,7.26,4.74,0.17
38-05,10-9-2020,16:30:00 AM,5,38,Ambient,Chl,0.81,2.7,0.69,4.3,3.61,0.1
38-06,10-9-2020,16:30:00 AM,6,38,Ambient,Chl,1.8,3.2,0.31,3.69,3.38,0.11
38-07,10-9-2020,16:30:00 AM,7,38,NH4,Chl,4.97,0,1.77,7.19,5.42,0.1
38-08,10-9-2020,16:30:00 AM,8,38,NH4,Chl,6.15,0,3.26,8.16,4.9,0.22
39-01,10-10-2020,14:45:00,1,39,Ambient,Chl,1.97,0,0.65,3.14,2.49,1.5
39-02,10-10-2020,14:45:00,2,39,Ambient,Chl,4.37,2.5,2.16,6.87,4.71,2.05
39-03,10-10-2020,14:45:00,3,39,NH4,Chl,3.11,0,2.99,7.37,4.38,0.58
39-04,10-10-2020,14:45:00,4,39,NH4,Chl,7.69,0,2.78,6.57,3.78,0.4
39-05,10-10-2020,14:45:00,5,39,Ambient,Chl,1.67,1.6,0.46,0.86,0.4,1.78
39-06,10-10-2020,14:45:00,6,39,Ambient,Chl,2.56,2.6,0.49,2.57,2.08,0.16
39-07,10-10-2020,14:45:00,7,39,NH4,Chl,7,1.5,2,6.22,4.22,5.73
39-08,10-10-2020,14:45:00,8,39,NH4,Chl,7.08,3.7,3.5,7.43,3.93,8.92
40-01,10-11-2020,16:45:00,1,40,Ambient,Chl,1.13,0,0.83,1.94,1.1,0
40-02,10-11-2020,16:45:00,2,40,Ambient,Chl,3.82,2.1,2.66,8.41,5.75,0.46
40-03,10-11-2020,16:45:00,3,40,NH4,Chl,1.92,0,2.26,6.13,3.87,1.77
40-04,10-11-2020,16:45:00,4,40,NH4,Chl,5.32,0,2.91,7.15,4.24,0.13
40-05,10-11-2020,16:45:00,5,40,Ambient,Chl,1.14,0.5,0.35,0.44,0.09,0.22
40-06,10-11-2020,16:45:00,6,40,Ambient,Chl,1.42,1.8,0.45,0.8,0.35,0.37
40-07,10-11-2020,16:45:00,7,40,NH4,Chl,4.73,0.1,2.2,6.89,4.69,2.31
40-08,10-11-2020,16:45:00,8,40,NH4,Chl,4.71,0.7,3.73,8.21,4.48,0.85
41-01,10-12-2020,12:50:00,1,41,Ambient,Chl,1.1,0,0.18,0.7,0.52,0.14
41-02,10-12-2020,12:50:00,2,41,Ambient,Chl,1.91,0.9,2.42,8.85,6.43,0.22
41-03,10-12-2020,12:50:00,3,41,NH4,Chl,1.2,0,1.39,4.24,2.85,0.06
41-04,10-12-2020,12:50:00,4,41,NH4,Chl,2.25,0,2.64,7.64,5,0.08
41-05,10-12-2020,12:50:00,5,41,Ambient,Chl,1.01,0.2,0.07,0.68,0.61,0.09
41-06,10-12-2020,12:50:00,6,41,Ambient,Chl,1.63,1.3,0.1,0.84,0.74,0.17
41-07,10-12-2020,12:50:00,7,41,NH4,Chl,1.64,0,1.95,7.34,5.4,0.04
41-08,10-12-2020,12:50:00,8,41,NH4,Chl,1.59,0,3.17,8.09,4.92,0.06
42-01,10-12-2020,16:30:00 AM,1,42,Ambient,Chl,1.01,0,0.22,0.97,0.75,0.16
42-02,10-12-2020,16:30:00 AM,2,42,Ambient,Chl,2.06,1,2.38,8.7,6.32,0.27
42-03,10-12-2020,16:30:00 AM,3,42,NH4,Chl,2.06,0,1.37,4.63,3.26,0.17
42-04,10-12-2020,16:30:00 AM,4,42,NH4,Chl,3.33,0,2.58,7.91,5.33,0.2
42-05,10-12-2020,16:30:00 AM,5,42,Ambient,Chl,0.96,0.6,0.11,0.84,0.73,0.15
42-06,10-12-2020,16:30:00 AM,6,42,Ambient,Chl,1.5,1.7,0.1,0.94,0.84,0.31
42-07,10-12-2020,16:30:00 AM,7,42,NH4,Chl,2.55,0,1.91,7.22,5.31,0.09
42-08,10-12-2020,16:30:00 AM,8,42,NH4,Chl,2.48,0,3.08,7.9,4.82,0.14
43-01,10-13-2020,13:15:00,1,43,Ambient,Chl,1.12,0,0.2,0.44,0.24,0.05
43-02,10-13-2020,13:15:00,2,43,Ambient,Chl,1.72,1.2,2.03,7.41,5.38,0.26
43-03,10-13-2020,13:15:00,3,43,NH4,Chl,2.77,0,1.32,4.82,3.5,0.07
43-04,10-13-2020,13:15:00,4,43,NH4,Chl,3.92,0,2.38,6.94,4.57,0.1
43-05,10-13-2020,13:15:00,5,43,Ambient,Chl,1.08,1.3,0.09,0.1,0.01,0.06
43-06,10-13-2020,13:15:00,6,43,Ambient,Chl,1.37,2.9,0.08,0,0,0.18
43-07,10-13-2020,13:15:00,7,43,NH4,Chl,3.17,0,1.76,6.37,4.62,0.04
43-08,10-13-2020,13:15:00,8,43,NH4,Chl,2.05,0,2.49,6.1,3.62,0.06
Source Samp(purp),10-3-2020,14:30:00,Samp(green),Source,Ambient,Frozen,0.5,7,0.11,4.11,4,0.1
27-beach 10.4.20,10-4-2020,13:30:00,Beach,27,Ambient,Frozen,1.51,3.3,1.08,8.18,7.1,1.25
29-01,10-6-2020,10:30:00,1,29,Ambient,Frozen,6.14,0,0.6,5.38,4.78,0.21
29-02,10-6-2020,10:30:00,2,29,Ambient,Frozen,6.9,0,2.61,8.35,5.73,0.38
29-03,10-6-2020,10:30:00,3,29,NH4,Frozen,11.87,0,4,9.74,5.73,0.31
29-04,10-6-2020,10:30:00,4,29,NH4,Frozen,14.88,0,1.72,6.66,4.94,0.32
29-05,10-6-2020,10:30:00,5,29,Ambient,Frozen,5.04,0,1.14,5.34,4.2,0.12
29-06,10-6-2020,10:30:00,6,29,Ambient,Frozen,3.38,0,0.39,3.54,3.15,0.06
29-07,10-6-2020,10:30:00,7,29,NH4,Frozen,12.31,0,1.58,6.48,4.9,0.18
29-08,10-6-2020,10:30:00,8,29,NH4,Frozen,12.5,0,2.48,7.48,5,0.17
31-01,10-7-2020,08:00:00,1,31,Ambient,Frozen,4.28,0,0.42,2.94,2.52,0.12
31-02,10-7-2020,08:00:00,2,31,Ambient,Frozen,7.1,0,3.01,9.14,6.13,0.36
31-03,10-7-2020,08:00:00,3,31,NH4,Frozen,8.55,0,4.26,9.38,5.13,0.15
31-04,10-7-2020,08:00:00,4,31,NH4,Frozen,11.84,0,1.76,5.35,3.59,0.17
31-05,10-7-2020,08:00:00,5,31,Ambient,Frozen,3.81,0,1.67,6.73,5.07,0.11
31-06,10-7-2020,08:00:00,6,31,Ambient,Frozen,2.88,0,0.41,2.39,1.98,0.07
31-07,10-7-2020,08:00:00,7,31,NH4,Frozen,8.78,0,1.81,6.24,4.43,0.09
31-08,10-7-2020,08:00:00,8,31,NH4,Frozen,8.8,0,2.17,5.35,3.18,0.09
VAT 10.7.20,10-7-2020,16:15:00,10.7.20,VAT,Ambient,Frozen,1.18,3.9,0.06,3.82,3.76,0.35
35-01,10-8-2020,12:30:00,1,35,Ambient,Frozen,4.74,0,0.67,4.58,3.9,0.07
35-02,10-8-2020,12:30:00,2,35,Ambient,Frozen,6.6,0.6,3.19,9.64,6.45,0.3
35-03,10-8-2020,12:30:00,3,35,NH4,Frozen,6.92,1.6,1.93,6.91,4.98,0.13
35-04,10-8-2020,12:30:00,4,35,NH4,Frozen,9.41,2.3,1.48,6.78,5.31,0.08
35-05,10-8-2020,12:30:00,5,35,Ambient,Frozen,2.66,0,1.6,5.38,3.79,0.04
35-06,10-8-2020,12:30:00,6,35,Ambient,Frozen,3.29,0.1,0.34,2.16,1.83,0.05
35-07,10-8-2020,12:30:00,7,35,NH4,Frozen,7.05,2.3,2.43,8.68,6.25,0.09
35-08,10-8-2020,12:30:00,8,35,NH4,Frozen,9.96,2.5,1.56,7.3,5.75,0.09
38-01,10-9-2020,16:30:00 AM,1,38,Ambient,Frozen,1.26,1.7,0.48,5.62,5.14,0
38-02,10-9-2020,16:30:00 AM,2,38,Ambient,Frozen,2.12,1.1,0.85,4.08,3.23,0
38-03,10-9-2020,16:30:00 AM,3,38,NH4,Frozen,2.71,0,3.4,10.16,6.76,0.08
38-04,10-9-2020,16:30:00 AM,4,38,NH4,Frozen,7.85,0,2.55,7.94,5.38,0.03
38-05,10-9-2020,16:30:00 AM,5,38,Ambient,Frozen,0.95,2.6,0.72,5.01,4.29,0
38-06,10-9-2020,16:30:00 AM,6,38,Ambient,Frozen,2.17,2,0.25,3.09,2.84,0.04
38-07,10-9-2020,16:30:00 AM,7,38,NH4,Frozen,4.18,0,1.29,5.55,4.26,0
38-08,10-9-2020,16:30:00 AM,8,38,NH4,Frozen,4.57,0,3.26,8.84,5.58,0.03
39-01,10-10-2020,14:45:00,1,39,Ambient,Frozen,1.49,0,0.68,3.74,3.05,0.1
39-02,10-10-2020,14:45:00,2,39,Ambient,Frozen,4.74,1.4,1.57,5.53,3.96,0.63
39-03,10-10-2020,14:45:00,3,39,NH4,Frozen,2.48,0,2.92,7.87,4.95,0.69
39-04,10-10-2020,14:45:00,4,39,NH4,Frozen,8.43,0,2.83,7.26,4.43,1.48
39-05,10-10-2020,14:45:00,5,39,Ambient,Frozen,0.95,1.8,0.51,1.2,0.7,2.87
39-06,10-10-2020,14:45:00,6,39,Ambient,Frozen,3.18,3.3,0.51,3,2.49,2.78
39-07,10-10-2020,14:45:00,7,39,NH4,Frozen,7.4,0.3,1.99,6.74,4.74,1.69
39-08,10-10-2020,14:45:00,8,39,NH4,Frozen,7.46,0.2,3.53,8.19,4.66,0.19
40-01,10-11-2020,16:45:00,1,40,Ambient,Frozen,2.1,0,0.73,2.1,1.37,0.04
40-02,10-11-2020,16:45:00,2,40,Ambient,Frozen,3.52,1,1.95,6.17,4.22,0.14
40-03,10-11-2020,16:45:00,3,40,NH4,Frozen,1.69,0,2.27,6.89,4.61,0.08
40-04,10-11-2020,16:45:00,4,40,NH4,Frozen,5.31,0,2.72,7.12,4.4,0.56
40-05,10-11-2020,16:45:00,5,40,Ambient,Frozen,2.01,0.5,0.35,0.84,0.48,0.49
40-06,10-11-2020,16:45:00,6,40,Ambient,Frozen,1.57,1.9,0.47,0.98,0.51,1.24
40-07,10-11-2020,16:45:00,7,40,NH4,Frozen,4.73,0,2.22,7.44,5.22,0.49
40-08,10-11-2020,16:45:00,8,40,NH4,Frozen,4.44,1.1,3.69,9.27,5.57,0.09
41-01,10-12-2020,12:50:00,1,41,Ambient,Frozen,1.94,0,0.18,0.95,0.77,0.02
41-02,10-12-2020,12:50:00,2,41,Ambient,Frozen,2.66,0.8,2.43,9.42,6.99,0.13
41-03,10-12-2020,12:50:00,3,41,NH4,Frozen,1.75,0,1.35,4.49,3.13,0.01
41-04,10-12-2020,12:50:00,4,41,NH4,Frozen,2.74,0,2.54,8.24,5.7,0
41-05,10-12-2020,12:50:00,5,41,Ambient,Frozen,1.63,0.3,0.1,1.17,1.07,0
41-06,10-12-2020,12:50:00,6,41,Ambient,Frozen,2.37,1.3,0.09,0.98,0.89,0
41-07,10-12-2020,12:50:00,7,41,NH4,Frozen,1.91,0,1.96,7.82,5.86,0
41-08,10-12-2020,12:50:00,8,41,NH4,Frozen,2.02,0,3.21,9.06,5.86,0
43-01,10-13-2020,13:15:00,1,43,Ambient,Frozen,2.22,0,0.19,0.82,0.63,0
43-02,10-13-2020,13:15:00,2,43,Ambient,Frozen,2.5,0.1,1,3.88,2.88,0.09
43-03,10-13-2020,13:15:00,3,43,NH4,Frozen,3.34,0,1.01,4.2,3.19,0
43-04,10-13-2020,13:15:00,4,43,NH4,Frozen,4.04,0,2.45,7.76,5.31,0
43-05,10-13-2020,13:15:00,5,43,Ambient,Frozen,1.82,0.6,0.08,0.45,0.37,0
43-06,10-13-2020,13:15:00,6,43,Ambient,Frozen,1.89,1.7,0.08,0.28,0.2,0.07
43-07,10-13-2020,13:15:00,7,43,NH4,Frozen,3.36,0,1.41,5.48,4.08,0.2
43-08,10-13-2020,13:15:00,8,43,NH4,Frozen,2.67,0,2.51,6.83,4.32,0
44-01,10-13-2020,16:10:00 AM,1,44,Ambient,Chl,1.23,0.1,0.3,1.6,1.3,0.16
44-02,10-13-2020,16:10:00 AM,2,44,Ambient,Chl,1.95,2.5,2.05,8.09,6.04,0.39
44-03,10-13-2020,16:10:00 AM,3,44,NH4,Chl,3.03,0,1.41,5.9,4.5,0.16
44-04,10-13-2020,16:10:00 AM,4,44,NH4,Chl,4.4,0.1,2.5,7.68,5.18,0.17
44-05,10-13-2020,16:10:00 AM,5,44,Ambient,Chl,1.08,1.4,0.12,0.72,0.59,0.16
44-06,10-13-2020,16:10:00 AM,6,44,Ambient,Chl,1.52,4.1,0.09,0.39,0.31,0.3
44-07,10-13-2020,16:10:00 AM,7,44,NH4,Chl,2.99,0,1.82,6.78,4.96,0.22
44-08,10-13-2020,16:10:00 AM,8,44,NH4,Chl,2.38,0,2.5,6.73,4.23,0.18
45-01,10-14-2020,13:15:00,1,45,Ambient,Chl,1.3,0.4,0.4,1.17,0.77,0.13
45-02,10-14-2020,13:15:00,2,45,Ambient,Chl,1.6,1.2,1.69,6.41,4.72,0.27
45-03,10-14-2020,13:15:00,3,45,NH4,Chl,2.8,0,1.57,5.62,4.05,0.17
45-04,10-14-2020,13:15:00,4,45,NH4,Chl,5.5,0.1,2.67,7.16,4.49,0.17
45-05,10-14-2020,13:15:00,5,45,Ambient,Chl,1.38,1,0.15,0.65,0.5,0.18
45-06,10-14-2020,13:15:00,6,45,Ambient,Chl,1.81,3.1,0.11,0.34,0.24,0.28
45-07,10-14-2020,13:15:00,7,45,NH4,Chl,2.66,0,1.83,5.86,4.03,0.14
45-08,10-14-2020,13:15:00,8,45,NH4,Chl,2.89,0,2.34,5.6,3.26,0.16
46-01,10-15-2020,11:00:00,1,46,Ambient,Chl,1.33,1.3,0.67,2.69,2.02,0.06
46-02,10-15-2020,11:00:00,2,46,Ambient,Chl,2.63,2.7,1.37,6.25,4.88,0.25
46-03,10-15-2020,11:00:00,3,46,NH4,Chl,5.29,0.9,1.79,6.74,4.95,0.09
46-04,10-15-2020,11:00:00,4,46,NH4,Chl,8.77,1.9,3.04,7.53,4.49,0.12
46-05,10-15-2020,11:00:00,5,46,Ambient,Chl,1.05,1.5,0.25,0.8,0.55,0.07
46-06,10-15-2020,11:00:00,6,46,Ambient,Chl,1.32,3.7,0.12,0.47,0.35,0.07
46-07,10-15-2020,11:00:00,7,46,NH4,Chl,4.99,1.2,1.97,6.39,4.42,0.06
46-08,10-15-2020,11:00:00,8,46,NH4,Chl,5.45,1.4,2.56,6.48,3.92,0.07
47-01,10-15-2020,18:15:00,1,47,Ambient,Chl,1.19,1.4,0.67,2.49,1.82,0.06
47-02,10-15-2020,18:15:00,2,47,Ambient,Chl,1,2.9,1.4,5.72,4.31,0.13
47-03,10-15-2020,18:15:00,3,47,NH4,Chl,3.11,0.8,1.75,6.76,5.01,0.09
47-04,10-15-2020,18:15:00,4,47,NH4,Chl,6.98,2.1,3.08,7.56,4.48,0.08
47-05,10-15-2020,18:15:00,5,47,Ambient,Chl,0.93,1.6,0.24,0.59,0.35,0.07
47-06,10-15-2020,18:15:00,6,47,Ambient,Chl,0.95,3.8,0.16,0.34,0.18,0.12
47-07,10-15-2020,18:15:00,7,47,NH4,Chl,5.17,1.3,1.92,6.35,4.43,0.09
47-08,10-15-2020,18:15:00,8,47,NH4,Chl,4.18,1.6,2.5,6.09,3.59,0.08
48-01,10-16-2020,19:15:00,1,48,Ambient,Chl,2.02,1.5,0.67,2.64,1.97,0.08
48-02,10-16-2020,19:15:00,2,48,Ambient,Chl,2.43,3.4,0.79,4.77,3.98,0.15
48-03,10-16-2020,19:15:00,3,48,NH4,Chl,3.42,0,1.48,6.26,4.78,0.12
48-04,10-16-2020,19:15:00,4,48,NH4,Chl,6.95,1.9,3.04,7.46,4.42,0.15
48-05,10-16-2020,19:15:00,5,48,Ambient,Chl,1.2,1.1,0.12,0.59,0.47,0.06
48-06,10-16-2020,19:15:00,6,48,Ambient,Chl,1.67,3.6,0.14,0.68,0.54,0.06
48-07,10-16-2020,19:15:00,7,48,NH4,Chl,5,0.8,1.81,6.27,4.46,0.05
48-08,10-16-2020,19:15:00,8,48,NH4,Chl,4.36,1.1,2.2,6.16,3.96,0.05
49-01,10-17-2020,14:15:00,1,49,Ambient,Chl,3.16,2.2,0.7,3.53,2.82,0.07
49-02,10-17-2020,14:15:00,2,49,Ambient,Chl,1.68,3.3,0.72,4.84,4.12,0.15
49-03,10-17-2020,14:15:00,3,49,NH4,Chl,1.54,0,1.34,6.78,5.43,0.02
49-04,10-17-2020,14:15:00,4,49,NH4,Chl,5.7,1.8,3.12,7.74,4.62,0.05
49-05,10-17-2020,14:15:00,5,49,Ambient,Chl,1.02,1.3,0.06,0.5,0.43,0.04
49-06,10-17-2020,14:15:00,6,49,Ambient,Chl,1.28,3.8,0.11,0.34,0.23,0.06
49-07,10-17-2020,14:15:00,7,49,NH4,Chl,2.14,0.5,1.75,6.19,4.44,0.06
49-08,10-17-2020,14:15:00,8,49,NH4,Chl,2.11,0.6,1.94,5.43,3.49,0.04
50-01,10-17-2020,22:30:00,1,50,Ambient,Chl,3.55,4.3,0.62,3.89,3.27,0.32
50-02,10-17-2020,22:30:00,2,50,Ambient,Chl,1.89,4.1,0.66,5.05,4.39,0.24
50-03,10-17-2020,22:30:00,3,50,NH4,Chl,3.13,0.7,1.21,6.23,5.03,0.16
50-04,10-17-2020,22:30:00,4,50,NH4,Chl,6.72,2.6,2.99,7.63,4.64,0.09
50-05,10-17-2020,22:30:00,5,50,Ambient,Chl,1.3,2.7,0.19,0.46,0.27,0.09
50-06,10-17-2020,22:30:00,6,50,Ambient,Chl,1.36,4.9,0.19,1.08,0.9,0.12
50-07,10-17-2020,22:30:00,7,50,NH4,Chl,2.64,1.3,1.58,6.15,4.57,0.03
50-08,10-17-2020,22:30:00,8,50,NH4,Chl,2.77,1.6,1.67,5.5,3.82,0.04
51-01,10-18-2020,11:45:00,1,51,Ambient,Chl,5.46,4.9,0.65,3.88,3.23,3.21
51-02,10-18-2020,11:45:00,2,51,Ambient,Chl,4.1,5.6,0.69,4.82,4.13,6.45
51-03,10-18-2020,11:45:00,3,51,NH4,Chl,4.47,2.5,1.3,6.1,4.8,5.59
51-04,10-18-2020,11:45:00,4,51,NH4,Chl,9.2,4.2,3.11,7.51,4.4,6.02
51-05,10-18-2020,11:45:00,5,51,Ambient,Chl,5.85,4,0.23,0.68,0.46,5.56
51-06,10-18-2020,11:45:00,6,51,Ambient,Chl,3.44,5.9,0.21,0.55,0.34,5.95
51-07,10-18-2020,11:45:00,7,51,NH4,Chl,5.49,2.7,1.62,5.68,4.06,4.27
51-08,10-18-2020,11:45:00,8,51,NH4,Chl,6.7,2.9,1.64,5.04,3.41,4.3
45-01,10-14-2020,13:15:00,1,45,Ambient,Frozen,1.19,0.3,0.39,1.24,0.85,0
45-02,10-14-2020,13:15:00,2,45,Ambient,Frozen,2.21,1.2,1.58,6.27,4.69,0.03
45-03,10-14-2020,13:15:00,3,45,NH4,Frozen,2.52,0,1.52,5.56,4.04,0.02
45-04,10-14-2020,13:15:00,4,45,NH4,Frozen,5.53,12.6,3.99,10.27,6.28,0.2
45-05,10-14-2020,13:15:00,5,45,Ambient,Frozen,1.52,1.4,0.14,0.82,0.69,0
45-06,10-14-2020,13:15:00,6,45,Ambient,Frozen,2.09,1.9,0.08,0.19,0.12,0
45-07,10-14-2020,13:15:00,7,45,NH4,Frozen,3.08,7.5,2.75,8.38,5.63,0
45-08,10-14-2020,13:15:00,8,45,NH4,Frozen,3.63,22.2,5.41,13.26,7.85,0.54
46-01,10-15-2020,11:00:00,1,46,Ambient,Frozen,1.17,0.9,0.49,2.04,1.54,0.02
46-02,10-15-2020,11:00:00,2,46,Ambient,Frozen,2.13,1.1,0.74,3.39,2.64,0
46-03,10-15-2020,11:00:00,3,46,NH4,Frozen,3.59,0.3,1.15,4.43,3.28,0
46-04,10-15-2020,11:00:00,4,46,NH4,Frozen,6.65,1,1.97,5.08,3.11,0.02
46-05,10-15-2020,11:00:00,5,46,Ambient,Frozen,1.71,0.6,0.22,0.69,0.47,0
46-06,10-15-2020,11:00:00,6,46,Ambient,Frozen,1.28,2,0.1,0.3,0.2,0
46-07,10-15-2020,11:00:00,7,46,NH4,Frozen,4.12,0.1,1.04,3.43,2.39,0
46-08,10-15-2020,11:00:00,8,46,NH4,Frozen,4.11,0.2,1.33,3.33,2,0.01
49-01,10-17-2020,14:15:00,1,49,Ambient,Frozen,2.29,0.6,0.36,1.67,1.31,0.06
49-02,10-17-2020,14:15:00,2,49,Ambient,Frozen,1.92,2.5,0.62,4.01,3.38,0
49-03,10-17-2020,14:15:00,3,49,NH4,Frozen,1.71,0,1.06,4.75,3.69,0
49-04,10-17-2020,14:15:00,4,49,NH4,Frozen,4.73,0.9,2.06,5.06,3,0
49-05,10-17-2020,14:15:00,5,49,Ambient,Frozen,1.38,1.1,0.07,0.43,0.36,0
49-06,10-17-2020,14:15:00,6,49,Ambient,Frozen,1.99,2.6,0.12,0.43,0.31,0
49-07,10-17-2020,14:15:00,7,49,NH4,Frozen,2.9,0,0.99,3.47,2.47,0
49-08,10-17-2020,14:15:00,8,49,NH4,Frozen,2.76,0.1,1.4,4,2.6,0
50-01,10-17-2020,22:30:00,1,50,Ambient,Frozen,2.48,3.7,0.6,3.77,3.17,0
50-02,10-17-2020,22:30:00,2,50,Ambient,Frozen,2.1,4.1,0.66,5.03,4.37,0.01
50-03,10-17-2020,22:30:00,3,50,NH4,Frozen,1.83,0.6,1.17,6.13,4.96,0.06
50-04,10-17-2020,22:30:00,4,50,NH4,Frozen,5.63,2.7,2.97,7.65,4.68,0
50-05,10-17-2020,22:30:00,5,50,Ambient,Frozen,1.01,2.1,0.15,0.42,0.27,0
50-06,10-17-2020,22:30:00,6,50,Ambient,Frozen,0.98,4.2,0.26,0.75,0.49,0
50-07,10-17-2020,22:30:00,7,50,NH4,Frozen,2.25,1,1.37,5.3,3.93,0
50-08,10-17-2020,22:30:00,8,50,NH4,Frozen,2.35,1.6,1.65,5.42,3.77,0
51-01,10-18-2020,11:45:00,1,51,Ambient,Frozen,4.24,4.5,0.61,3.57,2.97,2.91
51-02,10-18-2020,11:45:00,2,51,Ambient,Frozen,6.19,4.3,0.57,3.89,3.32,5.22
51-03,10-18-2020,11:45:00,3,51,NH4,Frozen,7.73,2.5,1.34,6.26,4.92,5.77
51-04,10-18-2020,11:45:00,4,51,NH4,Frozen,11.49,4.6,3.12,7.62,4.51,6.5
51-05,10-18-2020,11:45:00,5,51,Ambient,Frozen,4.67,3,0.19,0.62,0.43,4.59
51-06,10-18-2020,11:45:00,6,51,Ambient,Frozen,6.53,6,0.25,0.66,0.4,6.08
51-07,10-18-2020,11:45:00,7,51,NH4,Frozen,5.94,2.5,1.62,6.26,4.64,4.38
51-08,10-18-2020,11:45:00,8,51,NH4,Frozen,6.69,2.7,1.42,4.68,3.27,4.09
