{"brand":{"brand":"Plate One","brandId":[]},"cornerOffsetFromSlot":{"x":0,"y":0,"z":0},"dimensions":{"xDimension":127.8,"yDimension":85.5,"zDimension":44.1},"groups":[{"metadata":{"wellBottomShape":"flat"},"wells":["A1","B1","C1","D1","E1","F1","G1","H1","A2","B2","C2","D2","E2","F2","G2","H2","A3","B3","C3","D3","E3","F3","G3","H3","A4","B4","C4","D4","E4","F4","G4","H4","A5","B5","C5","D5","E5","F5","G5","H5","A6","B6","C6","D6","E6","F6","G6","H6","A7","B7","C7","D7","E7","F7","G7","H7","A8","B8","C8","D8","E8","F8","G8","H8","A9","B9","C9","D9","E9","F9","G9","H9","A10","B10","C10","D10","E10","F10","G10","H10","A11","B11","C11","D11","E11","F11","G11","H11","A12","B12","C12","D12","E12","F12","G12","H12"]}],"metadata":{"displayCategory":"wellPlate","displayName":"Plate One 96 Well Plate 1000 µL","displayVolumeUnits":"µL","tags":[]},"namespace":"custom_beta","ordering":[["A1","B1","C1","D1","E1","F1","G1","H1"],["A2","B2","C2","D2","E2","F2","G2","H2"],["A3","B3","C3","D3","E3","F3","G3","H3"],["A4","B4","C4","D4","E4","F4","G4","H4"],["A5","B5","C5","D5","E5","F5","G5","H5"],["A6","B6","C6","D6","E6","F6","G6","H6"],["A7","B7","C7","D7","E7","F7","G7","H7"],["A8","B8","C8","D8","E8","F8","G8","H8"],["A9","B9","C9","D9","E9","F9","G9","H9"],["A10","B10","C10","D10","E10","F10","G10","H10"],["A11","B11","C11","D11","E11","F11","G11","H11"],["A12","B12","C12","D12","E12","F12","G12","H12"]],"parameters":{"format":"irregular","isMagneticModuleCompatible":false,"isTiprack":false,"loadName":"plateone_96_wellplate_1000ul","quirks":[]},"schemaVersion":2,"version":1,"wells":{"A1":{"depth":41.3,"diameter":7,"shape":"circular","totalLiquidVolume":1000,"x":14.4,"y":74.3,"z":2.8},"A10":{"depth":41.3,"diameter":7,"shape":"circular","totalLiquidVolume":1000,"x":95.4,"y":74.3,"z":2.8},"A11":{"depth":41.3,"diameter":7,"shape":"circular","totalLiquidVolume":1000,"x":104.4,"y":74.3,"z":2.8},"A12":{"depth":41.3,"diameter":7,"shape":"circular","totalLiquidVolume":1000,"x":113.4,"y":74.3,"z":2.8},"A2":{"depth":41.3,"diameter":7,"shape":"circular","totalLiquidVolume":1000,"x":23.4,"y":74.3,"z":2.8},"A3":{"depth":41.3,"diameter":7,"shape":"circular","totalLiquidVolume":1000,"x":32.4,"y":74.3,"z":2.8},"A4":{"depth":41.3,"diameter":7,"shape":"circular","totalLiquidVolume":1000,"x":41.4,"y":74.3,"z":2.8},"A5":{"depth":41.3,"diameter":7,"shape":"circular","totalLiquidVolume":1000,"x":50.4,"y":74.3,"z":2.8},"A6":{"depth":41.3,"diameter":7,"shape":"circular","totalLiquidVolume":1000,"x":59.4,"y":74.3,"z":2.8},"A7":{"depth":41.3,"diameter":7,"shape":"circular","totalLiquidVolume":1000,"x":68.4,"y":74.3,"z":2.8},"A8":{"depth":41.3,"diameter":7,"shape":"circular","totalLiquidVolume":1000,"x":77.4,"y":74.3,"z":2.8},"A9":{"depth":41.3,"diameter":7,"shape":"circular","totalLiquidVolume":1000,"x":86.4,"y":74.3,"z":2.8},"B1":{"depth":41.3,"diameter":7,"shape":"circular","totalLiquidVolume":1000,"x":14.4,"y":65.3,"z":2.8},"B10":{"depth":41.3,"diameter":7,"shape":"circular","totalLiquidVolume":1000,"x":95.4,"y":65.3,"z":2.8},"B11":{"depth":41.3,"diameter":7,"shape":"circular","totalLiquidVolume":1000,"x":104.4,"y":65.3,"z":2.8},"B12":{"depth":41.3,"diameter":7,"shape":"circular","totalLiquidVolume":1000,"x":113.4,"y":65.3,"z":2.8},"B2":{"depth":41.3,"diameter":7,"shape":"circular","totalLiquidVolume":1000,"x":23.4,"y":65.3,"z":2.8},"B3":{"depth":41.3,"diameter":7,"shape":"circular","totalLiquidVolume":1000,"x":32.4,"y":65.3,"z":2.8},"B4":{"depth":41.3,"diameter":7,"shape":"circular","totalLiquidVolume":1000,"x":41.4,"y":65.3,"z":2.8},"B5":{"depth":41.3,"diameter":7,"shape":"circular","totalLiquidVolume":1000,"x":50.4,"y":65.3,"z":2.8},"B6":{"depth":41.3,"diameter":7,"shape":"circular","totalLiquidVolume":1000,"x":59.4,"y":65.3,"z":2.8},"B7":{"depth":41.3,"diameter":7,"shape":"circular","totalLiquidVolume":1000,"x":68.4,"y":65.3,"z":2.8},"B8":{"depth":41.3,"diameter":7,"shape":"circular","totalLiquidVolume":1000,"x":77.4,"y":65.3,"z":2.8},"B9":{"depth":41.3,"diameter":7,"shape":"circular","totalLiquidVolume":1000,"x":86.4,"y":65.3,"z":2.8},"C1":{"depth":41.3,"diameter":7,"shape":"circular","totalLiquidVolume":1000,"x":14.4,"y":56.3,"z":2.8},"C10":{"depth":41.3,"diameter":7,"shape":"circular","totalLiquidVolume":1000,"x":95.4,"y":56.3,"z":2.8},"C11":{"depth":41.3,"diameter":7,"shape":"circular","totalLiquidVolume":1000,"x":104.4,"y":56.3,"z":2.8},"C12":{"depth":41.3,"diameter":7,"shape":"circular","totalLiquidVolume":1000,"x":113.4,"y":56.3,"z":2.8},"C2":{"depth":41.3,"diameter":7,"shape":"circular","totalLiquidVolume":1000,"x":23.4,"y":56.3,"z":2.8},"C3":{"depth":41.3,"diameter":7,"shape":"circular","totalLiquidVolume":1000,"x":32.4,"y":56.3,"z":2.8},"C4":{"depth":41.3,"diameter":7,"shape":"circular","totalLiquidVolume":1000,"x":41.4,"y":56.3,"z":2.8},"C5":{"depth":41.3,"diameter":7,"shape":"circular","totalLiquidVolume":1000,"x":50.4,"y":56.3,"z":2.8},"C6":{"depth":41.3,"diameter":7,"shape":"circular","totalLiquidVolume":1000,"x":59.4,"y":56.3,"z":2.8},"C7":{"depth":41.3,"diameter":7,"shape":"circular","totalLiquidVolume":1000,"x":68.4,"y":56.3,"z":2.8},"C8":{"depth":41.3,"diameter":7,"shape":"circular","totalLiquidVolume":1000,"x":77.4,"y":56.3,"z":2.8},"C9":{"depth":41.3,"diameter":7,"shape":"circular","totalLiquidVolume":1000,"x":86.4,"y":56.3,"z":2.8},"D1":{"depth":41.3,"diameter":7,"shape":"circular","totalLiquidVolume":1000,"x":14.4,"y":47.3,"z":2.8},"D10":{"depth":41.3,"diameter":7,"shape":"circular","totalLiquidVolume":1000,"x":95.4,"y":47.3,"z":2.8},"D11":{"depth":41.3,"diameter":7,"shape":"circular","totalLiquidVolume":1000,"x":104.4,"y":47.3,"z":2.8},"D12":{"depth":41.3,"diameter":7,"shape":"circular","totalLiquidVolume":1000,"x":113.4,"y":47.3,"z":2.8},"D2":{"depth":41.3,"diameter":7,"shape":"circular","totalLiquidVolume":1000,"x":23.4,"y":47.3,"z":2.8},"D3":{"depth":41.3,"diameter":7,"shape":"circular","totalLiquidVolume":1000,"x":32.4,"y":47.3,"z":2.8},"D4":{"depth":41.3,"diameter":7,"shape":"circular","totalLiquidVolume":1000,"x":41.4,"y":47.3,"z":2.8},"D5":{"depth":41.3,"diameter":7,"shape":"circular","totalLiquidVolume":1000,"x":50.4,"y":47.3,"z":2.8},"D6":{"depth":41.3,"diameter":7,"shape":"circular","totalLiquidVolume":1000,"x":59.4,"y":47.3,"z":2.8},"D7":{"depth":41.3,"diameter":7,"shape":"circular","totalLiquidVolume":1000,"x":68.4,"y":47.3,"z":2.8},"D8":{"depth":41.3,"diameter":7,"shape":"circular","totalLiquidVolume":1000,"x":77.4,"y":47.3,"z":2.8},"D9":{"depth":41.3,"diameter":7,"shape":"circular","totalLiquidVolume":1000,"x":86.4,"y":47.3,"z":2.8},"E1":{"depth":41.3,"diameter":7,"shape":"circular","totalLiquidVolume":1000,"x":14.4,"y":38.3,"z":2.8},"E10":{"depth":41.3,"diameter":7,"shape":"circular","totalLiquidVolume":1000,"x":95.4,"y":38.3,"z":2.8},"E11":{"depth":41.3,"diameter":7,"shape":"circular","totalLiquidVolume":1000,"x":104.4,"y":38.3,"z":2.8},"E12":{"depth":41.3,"diameter":7,"shape":"circular","totalLiquidVolume":1000,"x":113.4,"y":38.3,"z":2.8},"E2":{"depth":41.3,"diameter":7,"shape":"circular","totalLiquidVolume":1000,"x":23.4,"y":38.3,"z":2.8},"E3":{"depth":41.3,"diameter":7,"shape":"circular","totalLiquidVolume":1000,"x":32.4,"y":38.3,"z":2.8},"E4":{"depth":41.3,"diameter":7,"shape":"circular","totalLiquidVolume":1000,"x":41.4,"y":38.3,"z":2.8},"E5":{"depth":41.3,"diameter":7,"shape":"circular","totalLiquidVolume":1000,"x":50.4,"y":38.3,"z":2.8},"E6":{"depth":41.3,"diameter":7,"shape":"circular","totalLiquidVolume":1000,"x":59.4,"y":38.3,"z":2.8},"E7":{"depth":41.3,"diameter":7,"shape":"circular","totalLiquidVolume":1000,"x":68.4,"y":38.3,"z":2.8},"E8":{"depth":41.3,"diameter":7,"shape":"circular","totalLiquidVolume":1000,"x":77.4,"y":38.3,"z":2.8},"E9":{"depth":41.3,"diameter":7,"shape":"circular","totalLiquidVolume":1000,"x":86.4,"y":38.3,"z":2.8},"F1":{"depth":41.3,"diameter":7,"shape":"circular","totalLiquidVolume":1000,"x":14.4,"y":29.3,"z":2.8},"F10":{"depth":41.3,"diameter":7,"shape":"circular","totalLiquidVolume":1000,"x":95.4,"y":29.3,"z":2.8},"F11":{"depth":41.3,"diameter":7,"shape":"circular","totalLiquidVolume":1000,"x":104.4,"y":29.3,"z":2.8},"F12":{"depth":41.3,"diameter":7,"shape":"circular","totalLiquidVolume":1000,"x":113.4,"y":29.3,"z":2.8},"F2":{"depth":41.3,"diameter":7,"shape":"circular","totalLiquidVolume":1000,"x":23.4,"y":29.3,"z":2.8},"F3":{"depth":41.3,"diameter":7,"shape":"circular","totalLiquidVolume":1000,"x":32.4,"y":29.3,"z":2.8},"F4":{"depth":41.3,"diameter":7,"shape":"circular","totalLiquidVolume":1000,"x":41.4,"y":29.3,"z":2.8},"F5":{"depth":41.3,"diameter":7,"shape":"circular","totalLiquidVolume":1000,"x":50.4,"y":29.3,"z":2.8},"F6":{"depth":41.3,"diameter":7,"shape":"circular","totalLiquidVolume":1000,"x":59.4,"y":29.3,"z":2.8},"F7":{"depth":41.3,"diameter":7,"shape":"circular","totalLiquidVolume":1000,"x":68.4,"y":29.3,"z":2.8},"F8":{"depth":41.3,"diameter":7,"shape":"circular","totalLiquidVolume":1000,"x":77.4,"y":29.3,"z":2.8},"F9":{"depth":41.3,"diameter":7,"shape":"circular","totalLiquidVolume":1000,"x":86.4,"y":29.3,"z":2.8},"G1":{"depth":41.3,"diameter":7,"shape":"circular","totalLiquidVolume":1000,"x":14.4,"y":20.3,"z":2.8},"G10":{"depth":41.3,"diameter":7,"shape":"circular","totalLiquidVolume":1000,"x":95.4,"y":20.3,"z":2.8},"G11":{"depth":41.3,"diameter":7,"shape":"circular","totalLiquidVolume":1000,"x":104.4,"y":20.3,"z":2.8},"G12":{"depth":41.3,"diameter":7,"shape":"circular","totalLiquidVolume":1000,"x":113.4,"y":20.3,"z":2.8},"G2":{"depth":41.3,"diameter":7,"shape":"circular","totalLiquidVolume":1000,"x":23.4,"y":20.3,"z":2.8},"G3":{"depth":41.3,"diameter":7,"shape":"circular","totalLiquidVolume":1000,"x":32.4,"y":20.3,"z":2.8},"G4":{"depth":41.3,"diameter":7,"shape":"circular","totalLiquidVolume":1000,"x":41.4,"y":20.3,"z":2.8},"G5":{"depth":41.3,"diameter":7,"shape":"circular","totalLiquidVolume":1000,"x":50.4,"y":20.3,"z":2.8},"G6":{"depth":41.3,"diameter":7,"shape":"circular","totalLiquidVolume":1000,"x":59.4,"y":20.3,"z":2.8},"G7":{"depth":41.3,"diameter":7,"shape":"circular","totalLiquidVolume":1000,"x":68.4,"y":20.3,"z":2.8},"G8":{"depth":41.3,"diameter":7,"shape":"circular","totalLiquidVolume":1000,"x":77.4,"y":20.3,"z":2.8},"G9":{"depth":41.3,"diameter":7,"shape":"circular","totalLiquidVolume":1000,"x":86.4,"y":20.3,"z":2.8},"H1":{"depth":41.3,"diameter":7,"shape":"circular","totalLiquidVolume":1000,"x":14.4,"y":11.3,"z":2.8},"H10":{"depth":41.3,"diameter":7,"shape":"circular","totalLiquidVolume":1000,"x":95.4,"y":11.3,"z":2.8},"H11":{"depth":41.3,"diameter":7,"shape":"circular","totalLiquidVolume":1000,"x":104.4,"y":11.3,"z":2.8},"H12":{"depth":41.3,"diameter":7,"shape":"circular","totalLiquidVolume":1000,"x":113.4,"y":11.3,"z":2.8},"H2":{"depth":41.3,"diameter":7,"shape":"circular","totalLiquidVolume":1000,"x":23.4,"y":11.3,"z":2.8},"H3":{"depth":41.3,"diameter":7,"shape":"circular","totalLiquidVolume":1000,"x":32.4,"y":11.3,"z":2.8},"H4":{"depth":41.3,"diameter":7,"shape":"circular","totalLiquidVolume":1000,"x":41.4,"y":11.3,"z":2.8},"H5":{"depth":41.3,"diameter":7,"shape":"circular","totalLiquidVolume":1000,"x":50.4,"y":11.3,"z":2.8},"H6":{"depth":41.3,"diameter":7,"shape":"circular","totalLiquidVolume":1000,"x":59.4,"y":11.3,"z":2.8},"H7":{"depth":41.3,"diameter":7,"shape":"circular","totalLiquidVolume":1000,"x":68.4,"y":11.3,"z":2.8},"H8":{"depth":41.3,"diameter":7,"shape":"circular","totalLiquidVolume":1000,"x":77.4,"y":11.3,"z":2.8},"H9":{"depth":41.3,"diameter":7,"shape":"circular","totalLiquidVolume":1000,"x":86.4,"y":11.3,"z":2.8}}}