Tag,Tank,Date,BW,Temp,Sal,Notes
205,1,2020-08-12,6.969,27.8,32.2,
220,1,2020-08-12,4.7661,27.9,32.2,
226,1,2020-08-12,2.9241,28,32.1,
231,1,2020-08-12,4.6147,28.3,32.1,
247,1,2020-08-12,5.7754,28.2,32.1,
253,1,2020-08-12,11.1363,28.2,32.1,
262,1,2020-08-12,6.8745,27.8,32.1,
289,1,2020-08-12,10.6654,27.7,32.1,
291,1,2020-08-12,7.7934,27.7,32.1,
A001,1,2020-08-12,4.7567,28.3,32.5,
A007,1,2020-08-12,3.8841,28.2,32.5,
A009,1,2020-08-12,3.5872,28.3,32.5,
A019,1,2020-08-12,3.3229,28.5,32.2,
A022,1,2020-08-12,3.7615,28.5,32.2,
A024,1,2020-08-12,6.645,28.5,32.2,
A048,1,2020-08-12,3.3792,28.3,32.3,
A051,1,2020-08-12,5.5528,28.2,32.4,
A061,1,2020-08-12,6.2145,28.3,32.3,
A067,1,2020-08-12,5.5145,28.3,32.5,
A075,1,2020-08-12,3.9059,28.1,32.2,
A077,1,2020-08-12,4.2716,27.9,32.2,
A084,1,2020-08-12,4.9476,28,32.2,
A105,1,2020-08-12,4.0567,28.4,32.5,
A116,1,2020-08-12,4.1227,29.1,32.4,
A127,1,2020-08-12,4.6177,28.3,32.5,
A152,1,2020-08-12,7.7717,28.7,32.5,
A158,1,2020-08-12,5.1835,28.7,32.5,
A159,1,2020-08-12,4.3669,28.7,32.5,
A184,1,2020-08-12,4.3665,27.9,32.2,
A192,1,2020-08-12,3.7446,27.9,32.1,
A196,1,2020-08-12,3.3584,28,32.1,
211,2,2020-08-12,3.4208,27.8,32.2,
214,2,2020-08-12,4.935,27.9,32.2,
222,2,2020-08-12,7.2468,27.9,32.2,
237,2,2020-08-12,7.6464,28.2,32.1,
238,2,2020-08-12,5.3828,28.3,32.1,
239,2,2020-08-12,4.3814,28.2,32.1,
270,2,2020-08-12,7.6603,27.7,32.1,
282,2,2020-08-12,6.4007,27.8,32.1,
296,2,2020-08-12,9.8047,27.8,32.1,
A010,2,2020-08-12,3.7138,28.3,32.5,
A026,2,2020-08-12,3.1508,28.5,32.2,
A029,2,2020-08-12,6.5219,28.5,32.2,
A038,2,2020-08-12,3.6536,28.4,32.2,
A041,2,2020-08-12,7.2245,28,32.4,
A052,2,2020-08-12,3.6662,28.3,32.3,
A060,2,2020-08-12,5.6521,28,32.4,
A072,2,2020-08-12,4.3758,28.1,32.2,
A078,2,2020-08-12,5.126,28,32.2,
A083,2,2020-08-12,3.9764,27.9,32.2,
A097,2,2020-08-12,5.3851,28.3,32.5,
A101,2,2020-08-12,3.9621,28.3,32.5,
A111,2,2020-08-12,5.7755,28.3,32.5,
A114,2,2020-08-12,3.9593,29,32.4,
A131,2,2020-08-12,4.6767,28.3,32.5,
A134,2,2020-08-12,4.3243,28.2,32.5,
A157,2,2020-08-12,5.0376,28.8,32.5,
A161,2,2020-08-12,6.058,28.7,32.5,
A165,2,2020-08-12,4.2811,28.6,32.5,
A183,2,2020-08-12,4.6543,28.1,32.1,
A185,2,2020-08-12,3.5451,27.9,32.1,
A188,2,2020-08-12,3.8016,27.9,32.1,
201,3,2020-08-12,7.4844,27.9,32.2,
202,3,2020-08-12,6.0984,28,32.2,
215,3,2020-08-12,4.0687,27.8,32.2,
232,3,2020-08-12,7.5046,28.2,32.1,
254,3,2020-08-12,4.984,28.2,32.1,
258,3,2020-08-12,4.2627,28.3,32.1,
265,3,2020-08-12,8.5174,27.8,32.1,
269,3,2020-08-12,7.354,27.7,32.1,
293,3,2020-08-12,4.5065,27.8,32.2,
A011,3,2020-08-12,4.9609,28.3,32.5,
A014,3,2020-08-12,3.7547,28.1,32.5,
A018,3,2020-08-12,3.4396,28.4,32.2,
A021,3,2020-08-12,4.7364,28.5,32.2,
A036,3,2020-08-12,3.0075,28.4,32.2,
A039,3,2020-08-12,5.8936,28.2,32.4,
A056,3,2020-08-12,4.232,28,32.4,
A058,3,2020-08-12,7.6674,28.1,32.4,
A064,3,2020-08-12,4.4855,27.9,32.2,
A074,3,2020-08-12,6.3662,28,32.2,
A081,3,2020-08-12,3.993,28.1,32.2,
A094,3,2020-08-12,6.4241,28.2,32.5,
A100,3,2020-08-12,3.9338,28.2,32.5,
A106,3,2020-08-12,4.332,28.3,32.5,
A119,3,2020-08-12,4.2597,29.1,32.4,
A125,3,2020-08-12,3.7716,29.1,32.4,
A130,3,2020-08-12,6.2202,28.3,32.5,
A151,3,2020-08-12,3.9756,28.8,32.5,
A162,3,2020-08-12,4.6965,28.7,32.5,
A167,3,2020-08-12,6.0106,28.8,32.5,
A175,3,2020-08-12,6.7016,28,32.1,
A190,3,2020-08-12,3.6621,28.1,32.1,
A195,3,2020-08-12,3.9453,28.1,32.1,
204,4,2020-08-12,4.6097,27.9,32.2,
216,4,2020-08-12,6.4969,27.8,32.2,
235,4,2020-08-12,6.5566,28.3,32.1,
261,4,2020-08-12,3.3878,28.2,32.1,
266,4,2020-08-12,4.7236,28.3,32.1,
272,4,2020-08-12,3.7363,27.8,32.1,
284,4,2020-08-12,7.0853,27.7,32.1,
285,4,2020-08-12,8.1129,27.8,32.1,
A002,4,2020-08-12,4.0744,28.2,32.5,
A008,4,2020-08-12,3.8353,28.3,32.5,
A027,4,2020-08-12,4.5353,28.5,32.2,
A034,4,2020-08-12,2.7019,28.4,32.2,
A037,4,2020-08-12,3.3781,28.4,32.2,
A040,4,2020-08-12,8.5761,28,32.4,
A045,4,2020-08-12,4.4214,28.3,32.4,
A046,4,2020-08-12,5.9478,28.3,32.2,
A068,4,2020-08-12,4.0669,28.1,32.2,
A071,4,2020-08-12,4.4225,28.2,32.5,
A076,4,2020-08-12,4.5151,28,32.2,
A089,4,2020-08-12,7.4923,28,32.2,
A102,4,2020-08-12,5.1968,28.4,32.5,
A107,4,2020-08-12,4.2254,29.1,32.4,
A118,4,2020-08-12,3.6408,29.1,32.4,
A129,4,2020-08-12,7.0261,28.3,32.5,
A155,4,2020-08-12,4.4823,28.7,32.5,
A163,4,2020-08-12,5.5887,28.8,32.5,
A172,4,2020-08-12,3.7011,28.8,32.5,
A176,4,2020-08-12,7.8664,28,32.1,
A179,4,2020-08-12,4.129,28,32.2,
A198,4,2020-08-12,3.7116,28,32.2,
A199,4,2020-08-12,10.0163,27.9,32.2,
227,5,2020-08-12,2.8772,27.9,32.2,
228,5,2020-08-12,6.6506,27.8,32.2,
250,5,2020-08-12,4.6523,28.2,32.1,
252,5,2020-08-12,4.5866,28.2,32.1,
256,5,2020-08-12,10.0172,28.2,32.1,
264,5,2020-08-12,9.9902,27.7,32.1,
268,5,2020-08-12,6.7542,27.8,32.1,
276,5,2020-08-12,6.9445,27.8,32.1,
A004,5,2020-08-12,4.0492,28.2,32.5,
A015,5,2020-08-12,3.3218,28.2,32.5,
A017,5,2020-08-12,3.3628,28.5,32.2,
A028,5,2020-08-12,3.2007,28.4,32.2,
A049,5,2020-08-12,6.1234,28,32.4,
A057,5,2020-08-12,5.9238,28,32.4,
A062,5,2020-08-12,3.2493,28.1,32.4,
A066,5,2020-08-12,3.866,28,32.2,
A086,5,2020-08-12,4.4863,28.1,32.2,
A087,5,2020-08-12,4.6384,27.9,32.2,
A091,5,2020-08-12,4.471,28.4,32.5,
A095,5,2020-08-12,4.5602,28.3,32.5,
A109,5,2020-08-12,4.4274,28.2,32.5,
A115,5,2020-08-12,3.4354,29,32.4,
A121,5,2020-08-12,6.3228,28.3,32.5,
A154,5,2020-08-12,4.4498,28.8,32.5,
A160,5,2020-08-12,4.336,28.7,32.5,
A166,5,2020-08-12,6.2214,28.7,32.5,
A180,5,2020-08-12,4.1105,28.1,32.1,
A181,5,2020-08-12,4.3461,27.9,32.1,
A189,5,2020-08-12,3.3582,28,32.1,
A200,5,2020-08-12,6.3344,27.8,32.2,
217,6,2020-08-12,5.5237,27.9,32.2,
221,6,2020-08-12,3.043,27.9,32.2,
224,6,2020-08-12,7.0216,27.9,32.2,
241,6,2020-08-12,7.6225,28.2,32.1,
244,6,2020-08-12,4.3522,28.2,32.1,
251,6,2020-08-12,4.9132,28.1,32.1,
274,6,2020-08-12,8.9182,27.8,32.1,
277,6,2020-08-12,4.6978,27.7,32.1,
288,6,2020-08-12,7.2481,27.7,32.1,
A003,6,2020-08-12,3.9767,28.2,32.5,
A016,6,2020-08-12,3.6198,28.4,32.2,
A020,6,2020-08-12,3.0286,28.4,32.2,
A032,6,2020-08-12,6.5736,28.4,32.2,
A044,6,2020-08-12,5.7158,28.3,32.2,
A050,6,2020-08-12,3.5156,28.3,32.3,
A059,6,2020-08-12,6.6528,28.2,32.4,
A063,6,2020-08-12,4.4348,28.1,32.2,
A082,6,2020-08-12,5.0226,28.1,32.2,
A090,6,2020-08-12,3.9207,28.1,32.2,
A096,6,2020-08-12,3.5827,28.2,32.5,
A098,6,2020-08-12,5.2164,28.2,32.5,
A112,6,2020-08-12,3.7243,29.1,32.4,
A122,6,2020-08-12,4.6035,28.3,32.5,
A123,6,2020-08-12,4.1702,29,32.4,
A128,6,2020-08-12,4.3826,28.3,32.5,
A132,6,2020-08-12,5.8177,28.2,32.5,
A173,6,2020-08-12,3.9846,28.7,32.5,
A174,6,2020-08-12,4.7029,28.6,32.5,
A177,6,2020-08-12,4.4121,27.9,32.1,
A178,6,2020-08-12,3.4993,28,32.2,
A194,6,2020-08-12,3.8151,28.1,32.1,
208,7,2020-08-12,4.9289,27.9,32.2,
218,7,2020-08-12,3.9264,27.9,32.2,
229,7,2020-08-12,7.4643,27.8,32.2,
230,7,2020-08-12,7.4506,28.2,32.1,
243,7,2020-08-12,5.0432,28.3,32.1,
245,7,2020-08-12,3.9241,28.3,32.1,
279,7,2020-08-12,4.4444,27.8,32.1,
281,7,2020-08-12,7.569,27.8,32.1,
283,7,2020-08-12,8.1416,27.7,32.1,
A005,7,2020-08-12,6.3521,28.2,32.5,
A012,7,2020-08-12,3.9294,28.3,32.5,
A030,7,2020-08-12,3.6587,28.4,32.2,
A031,7,2020-08-12,4.9139,28.5,32.2,
A033,7,2020-08-12,2.772,28.5,32.2,
A047,7,2020-08-12,4.0009,28.1,32.4,
A053,7,2020-08-12,7.6017,28.1,32.4,
A055,7,2020-08-12,5.609,28.1,32.4,
A069,7,2020-08-12,3.9861,28.1,32.2,
A073,7,2020-08-12,5.7486,27.9,32.2,
A088,7,2020-08-12,4.283,28,32.2,
A103,7,2020-08-12,3.7521,28.2,32.5,
A104,7,2020-08-12,4.842,28.4,32.5,
A110,7,2020-08-12,3.8774,29.1,32.4,
A113,7,2020-08-12,5.7449,28.3,32.5,
A120,7,2020-08-12,4.0707,28.3,32.5,
A164,7,2020-08-12,6.0181,28.7,32.5,
A169,7,2020-08-12,3.7532,28.8,32.5,
A170,7,2020-08-12,5.0514,28.7,32.5,
A182,7,2020-08-12,4.7185,28.1,32.1,
A186,7,2020-08-12,3.7961,28,32.1,
A191,7,2020-08-12,3.6185,28,32.1,
207,8,2020-08-12,4.6307,27.9,32.2,
209,8,2020-08-12,4.1622,27.8,32.2,
225,8,2020-08-12,8.9163,27.9,32.2,
234,8,2020-08-12,6.1609,28.2,32.1,
242,8,2020-08-12,5.4826,28.2,32.1,
260,8,2020-08-12,3.0918,28.2,32.1,
263,8,2020-08-12,3.5352,27.8,32.1,
273,8,2020-08-12,7.7925,27.8,32.1,
275,8,2020-08-12,7.8291,27.7,32.1,
A006,8,2020-08-12,3.9418,28.4,32.5,
A013,8,2020-08-12,3.7984,28.2,32.5,
A023,8,2020-08-12,4.6397,28.5,32.2,
A025,8,2020-08-12,3.7961,28.4,32.2,
A035,8,2020-08-12,2.6985,28.5,32.2,
A042,8,2020-08-12,4.7328,28.3,32.3,
A043,8,2020-08-12,4.249,28.3,32.4,
A054,8,2020-08-12,7.9132,28.1,32.4,
A065,8,2020-08-12,4.0968,28.1,32.2,
A079,8,2020-08-12,4.0319,28.1,32.2,
A080,8,2020-08-12,6.3749,28.1,32.2,
A085,8,2020-08-12,4.984,28.2,32.5,
A093,8,2020-08-12,6.8063,28.2,32.5,
A099,8,2020-08-12,3.7962,28.2,32.5,
A124,8,2020-08-12,4.0484,29.1,32.4,
A133,8,2020-08-12,5.4344,28.2,32.5,
A156,8,2020-08-12,5.9464,28.8,32.5,
A168,8,2020-08-12,5.2282,28.8,32.5,
A171,8,2020-08-12,3.5358,28.7,32.5,
A187,8,2020-08-12,7.5583,27.9,32.1,
A193,8,2020-08-12,3.7263,28.1,32.1,
A197,8,2020-08-12,3.7019,27.9,32.1,
257,Holding,2020-08-12,2.8094,28.3,32.1,
A070,Holding,2020-08-12,3.6038,28.1,32.2,
A092,Holding,2020-08-12,3.6358,28.1,32.2,
A141,Holding,2020-08-12,3.2452,28.2,32.5,
A148,Holding,2020-08-12,3.0481,28.2,32.5,
205,1,2020-08-21,7.0894,28.1,33.3,
220,1,2020-08-21,4.8355,28,33.4,
226,1,2020-08-21,2.9426,28,33.5,
231,1,2020-08-21,4.7069,28.1,33.5,
247,1,2020-08-21,5.9326,28.1,33.5,
253,1,2020-08-21,11.3011,28.2,33.4,
262,1,2020-08-21,6.9866,28,33.5,
289,1,2020-08-21,10.9382,28,33.5,
291,1,2020-08-21,7.89548,28.1,33.5,
A001,1,2020-08-21,4.7693,28,33.5,
A007,1,2020-08-21,3.9008,27.9,33.5,
A009,1,2020-08-21,3.589,28,33.5,
A019,1,2020-08-21,3.3468,27.9,33.5,
A022,1,2020-08-21,3.7836,27.9,33.5,
A024,1,2020-08-21,6.7042,27.9,33.5,
A048,1,2020-08-21,3.4256,28.1,33.5,
A051,1,2020-08-21,5.6369,28,33.5,
A061,1,2020-08-21,6.3755,28,33.5,
A067,1,2020-08-21,5.6261,28,33.5,
A075,1,2020-08-21,3.9326,28,33.5,
A077,1,2020-08-21,4.3251,28,33.5,
A084,1,2020-08-21,5.0266,28,33.5,
A105,1,2020-08-21,4.1606,28.1,33.4,
A116,1,2020-08-21,4.1526,28.1,33.4,
A127,1,2020-08-21,4.6866,28.2,33.4,
A152,1,2020-08-21,7.8189,28.2,33.4,
A158,1,2020-08-21,5.2349,28.1,33.5,
A159,1,2020-08-21,4.4126,28,33.5,
A184,1,2020-08-21,4.3831,28,33.5,
A192,1,2020-08-21,3.7584,28.1,33.4,
A196,1,2020-08-21,3.3624,28.2,33.3,
211,2,2020-08-21,3.4792,27.8,33.6,
214,2,2020-08-21,4.9958,27.8,33.6,
222,2,2020-08-21,7.3784,27.9,33.5,
237,2,2020-08-21,7.8517,27.9,33.5,
238,2,2020-08-21,5.537,27.9,33.6,
239,2,2020-08-21,4.5076,27.8,33.5,
270,2,2020-08-21,7.8426,27.9,33.5,
282,2,2020-08-21,6.555,27.6,33.6,
296,2,2020-08-21,10.0755,27.8,33.6,
A010,2,2020-08-21,3.7074,27.8,33.6,
A026,2,2020-08-21,3.168,27.8,33.6,
A029,2,2020-08-21,6.7221,27.2,33.6,
A038,2,2020-08-21,3.7002,27.7,33.6,
A041,2,2020-08-21,7.2849,27.7,33.6,
A052,2,2020-08-21,3.6975,27.7,33.6,
A060,2,2020-08-21,5.745,27.7,33.6,
A072,2,2020-08-21,4.4243,27.6,33.6,
A078,2,2020-08-21,5.2442,27.7,33.6,
A083,2,2020-08-21,4.0166,27.7,33.6,
A097,2,2020-08-21,5.4043,27.8,33.6,
A101,2,2020-08-21,3.9809,27.8,33.6,
A111,2,2020-08-21,5.8768,27.8,33.6,
A114,2,2020-08-21,4.0036,27.8,33.6,
A131,2,2020-08-21,4.7586,27.7,33.6,
A134,2,2020-08-21,4.3876,27.8,33.6,
A157,2,2020-08-21,5.0728,27.8,33.6,
A161,2,2020-08-21,6.1332,27.8,33.6,
A165,2,2020-08-21,4.3176,27.8,33.6,
A183,2,2020-08-21,4.7123,27.7,33.6,
A185,2,2020-08-21,3.5573,27.8,33.6,
A188,2,2020-08-21,3.8481,27.8,33.6,
201,3,2020-08-21,7.6186,27.8,33.6,Batch 2
202,3,2020-08-21,6.1978,27.7,33.6,
215,3,2020-08-21,4.1282,27.8,33.6,
232,3,2020-08-21,7.5982,27.8,33.6,
254,3,2020-08-21,5.0824,27.8,33.6,
258,3,2020-08-21,4.3463,27.7,33.6,
265,3,2020-08-21,8.6587,27.8,33.6,
269,3,2020-08-21,7.4781,27.8,33.6,
293,3,2020-08-21,4.5834,27.8,33.6,
A011,3,2020-08-21,5.0534,27.7,33.6,
A014,3,2020-08-21,3.767,27.8,33.6,
A018,3,2020-08-21,3.4691,27.6,33.6,
A021,3,2020-08-21,4.7855,27.6,33.7,
A036,3,2020-08-21,3.0097,27.7,33.6,
A039,3,2020-08-21,5.94074,27.8,33.6,
A056,3,2020-08-21,4.2893,27.7,33.6,
A058,3,2020-08-21,7.8163,27.7,33.6,
A064,3,2020-08-21,4.5632,27.7,33.6,
A081,3,2020-08-21,4.0364,27.8,33.6,
A094,3,2020-08-21,6.4742,27.8,33.6,
A100,3,2020-08-21,3.9527,27.7,33.6,
A106,3,2020-08-21,4.3771,27.2,33.6,
A119,3,2020-08-21,4.2787,27.7,33.6,
A125,3,2020-08-21,3.8108,27.9,33.6,
A130,3,2020-08-21,6.3082,27.7,33.6,
A151,3,2020-08-21,4.0022,27.9,33.6,
A162,3,2020-08-21,4.7417,27.9,33.6,
A167,3,2020-08-21,6.0486,27.7,33.6,
A175,3,2020-08-21,6.853,27.7,33.6,
A190,3,2020-08-21,3.6709,27.7,33.6,
A195,3,2020-08-21,3.9598,27.9,33.6,
204,4,2020-08-21,4.7257,27.3,33.7,
216,4,2020-08-21,6.6118,27.2,33.7,
235,4,2020-08-21,6.7661,27.2,33.7,
261,4,2020-08-21,3.3896,27.3,33.7,
266,4,2020-08-21,4.8975,27.3,33.6,
272,4,2020-08-21,3.8073,27.3,33.7,
284,4,2020-08-21,7.2283,27.3,33.6,
285,4,2020-08-21,8.2478,27.3,33.6,
A002,4,2020-08-21,4.0846,27.3,33.7,
A008,4,2020-08-21,3.8363,27.3,33.7,
A027,4,2020-08-21,4.5897,27.3,33.7,
A034,4,2020-08-21,2.6856,27.3,33.7,
A037,4,2020-08-21,3.4143,27.3,33.7,
A040,4,2020-08-21,8.7255,27.3,33.7,
A045,4,2020-08-21,4.4603,27.3,33.7,
A046,4,2020-08-21,6.0478,27.3,33.6,
A068,4,2020-08-21,4.1194,27.3,33.7,
A071,4,2020-08-21,4.4916,27.3,33.7,
A076,4,2020-08-21,4.5539,27.2,33.6,
A089,4,2020-08-21,7.6205,27.3,33.6,
A102,4,2020-08-21,5.29,27.3,33.7,
A107,4,2020-08-21,4.26189,27.3,33.7,
A118,4,2020-08-21,3.6472,27.3,33.7,
A129,4,2020-08-21,7.1718,27.3,33.7,
A155,4,2020-08-21,4.5008,27.2,33.7,
A163,4,2020-08-21,5.6562,27.3,33.7,
A172,4,2020-08-21,3.7318,27.3,33.7,
A176,4,2020-08-21,8.0554,27.3,33.7,
A179,4,2020-08-21,4.1913,27.3,33.7,
A198,4,2020-08-21,3.7496,27.3,33.7,
A199,4,2020-08-21,10.1621,27.3,33.7,
227,5,2020-08-21,2.8906,27.8,34.3,Water sample Batch 3 init
228,5,2020-08-21,6.752,27.9,34.3,
250,5,2020-08-21,4.7426,27.8,34.3,
252,5,2020-08-21,4.6956,27.8,34.3,
256,5,2020-08-21,10.1726,27.8,34.3,
264,5,2020-08-21,10.203,27.9,34.3,
268,5,2020-08-21,6.892,27.9,34.3,
276,5,2020-08-21,7.0654,27.8,34.3,
A004,5,2020-08-21,4.1048,27.9,34.3,
A015,5,2020-08-21,3.3362,27.9,34.3,
A017,5,2020-08-21,3.3971,27.9,34.2,
A028,5,2020-08-21,3.2751,27.8,34.3,
A049,5,2020-08-21,6.1941,27.9,34.3,
A057,5,2020-08-21,6.0226,27.9,34.3,
A062,5,2020-08-21,3.2861,27.8,34.3,
A066,5,2020-08-21,3.894,27.8,34.3,
A086,5,2020-08-21,4.5535,27.9,34.3,
A087,5,2020-08-21,4.7056,27.8,34.3,reglued 8.21.2020
A091,5,2020-08-21,4.5598,27.8,34.3,
A095,5,2020-08-21,4.5881,27.8,34.3,
A109,5,2020-08-21,4.4856,27.9,34.3,
A115,5,2020-08-21,3.4453,27.9,34.3,
A121,5,2020-08-21,6.4478,27.9,34.3,
A154,5,2020-08-21,4.4741,27.9,34.3,
A160,5,2020-08-21,4.3513,27.9,34.3,
A166,5,2020-08-21,6.2983,27.9,34.3,
A180,5,2020-08-21,4.1484,27.9,34.3,
A181,5,2020-08-21,4.4258,27.9,34.3,
A189,5,2020-08-21,3.3567,27.9,34.3,
A200,5,2020-08-21,6.4461,27.8,34.3,
217,6,2020-08-21,5.5866,27.6,34.3,
221,6,2020-08-21,3.097,27.6,34.3,
224,6,2020-08-21,7.168,27.5,34.4,
241,6,2020-08-21,7.8178,27.4,34.4,
244,6,2020-08-21,4.3902,27.6,34.3,
251,6,2020-08-21,5.0613,27.6,34.3,
274,6,2020-08-21,9.0287,27.4,34.4,
277,6,2020-08-21,4.822,27.6,34.3,
288,6,2020-08-21,7.3665,27.6,34.3,
A003,6,2020-08-21,3.9821,27.6,34.3,
A016,6,2020-08-21,3.6465,27.5,34.3,
A020,6,2020-08-21,3.0463,27.4,34.4,
A032,6,2020-08-21,6.7456,27.4,34.4,
A044,6,2020-08-21,5.8033,27.5,34.3,
A050,6,2020-08-21,3.5101,27.4,34.4,
A059,6,2020-08-21,6.7638,27.4,34.4,
A063,6,2020-08-21,4.4867,27.5,34.4,
A082,6,2020-08-21,5.0754,27.6,34.4,
A090,6,2020-08-21,3.9542,27.6,34.4,
A096,6,2020-08-21,3.6015,27.5,34.4,
A098,6,2020-08-21,5.2487,27.4,34.4,
A112,6,2020-08-21,3.7473,27.5,34.3,
A122,6,2020-08-21,4.6837,27.5,34.3,
A123,6,2020-08-21,4.1791,27.5,34.4,
A128,6,2020-08-21,4.4586,27.5,34.3,
A132,6,2020-08-21,5.9278,27.6,34.4,
A173,6,2020-08-21,3.9908,27.4,34.4,
A174,6,2020-08-21,4.7426,27.4,34.4,
A177,6,2020-08-21,4.4768,27.4,34.4,
A178,6,2020-08-21,3.5245,27.4,34.4,
A194,6,2020-08-21,3.7996,27.5,34.3,
208,7,2020-08-21,5.0024,27.2,34.4,
218,7,2020-08-21,3.9889,27.2,34.4,
229,7,2020-08-21,7.6506,27.2,34.4,
230,7,2020-08-21,7.6757,27.2,34.4,
243,7,2020-08-21,5.1612,27.2,34.4,
245,7,2020-08-21,3.9793,27.2,34.4,
279,7,2020-08-21,4.4998,27.2,34.4,
281,7,2020-08-21,7.6987,27.2,34.4,
283,7,2020-08-21,8.3391,27.2,34.4,
A005,7,2020-08-21,6.3845,27.2,34.4,
A012,7,2020-08-21,3.9462,27.2,34.4,
A030,7,2020-08-21,3.6766,27.2,34.4,
A031,7,2020-08-21,4.9605,27.2,34.4,
A033,7,2020-08-21,2.778,27.2,34.4,
A047,7,2020-08-21,4.0383,27.2,34.4,
A053,7,2020-08-21,7.7304,27.2,34.4,
A055,7,2020-08-21,5.6991,27.2,34.4,
A069,7,2020-08-21,4.02,27.2,34.4,
A073,7,2020-08-21,5.8154,27.2,34.4,
A088,7,2020-08-21,4.3151,27.2,34.4,
A103,7,2020-08-21,3.7582,27.2,34.4,
A104,7,2020-08-21,4.9302,27.2,34.4,
A110,7,2020-08-21,3.9138,27.2,34.4,
A113,7,2020-08-21,5.857,27.2,34.4,
A120,7,2020-08-21,4.1385,27.2,34.4,
A164,7,2020-08-21,6.0642,27.2,34.4,
A169,7,2020-08-21,3.7533,27.2,34.4,
A170,7,2020-08-21,5.0669,27.2,34.4,
A182,7,2020-08-21,4.7605,27.2,34.4,
A186,7,2020-08-21,3.8097,27.2,34.4,
A191,7,2020-08-21,3.5993,27.2,34.4,
207,8,2020-08-21,4.74,27.1,34.4,
209,8,2020-08-21,4.2546,27.1,34.4,
225,8,2020-08-21,9.0785,27.1,34.4,
234,8,2020-08-21,6.2959,27,34.5,
242,8,2020-08-21,5.6668,27.1,34.4,
260,8,2020-08-21,3.1171,27.1,34.5,
263,8,2020-08-21,3.5729,27.1,34.4,
273,8,2020-08-21,7.9813,27.1,34.4,
275,8,2020-08-21,7.9948,27,34.5,
A006,8,2020-08-21,4.0185,27.1,34.4,
A013,8,2020-08-21,3.8142,27.1,34.4,
A023,8,2020-08-21,4.7924,27.1,34.4,
A025,8,2020-08-21,3.7878,27.1,34.4,maybe broke at top
A035,8,2020-08-21,2.6986,27.1,34.5,
A042,8,2020-08-21,4.8267,27.1,34.4,
A043,8,2020-08-21,4.3898,27.1,34.4,
A054,8,2020-08-21,8.0504,27.1,34.4,
A065,8,2020-08-21,4.1576,27.1,34.4,
A079,8,2020-08-21,4.0678,27.1,34.4,
A080,8,2020-08-21,6.5157,27.1,34.4,
A085,8,2020-08-21,5.0251,27,34.5,
A093,8,2020-08-21,6.8216,27.1,34.4,
A099,8,2020-08-21,3.8322,27.1,34.4,
A124,8,2020-08-21,4.0618,27.1,34.4,
A133,8,2020-08-21,5.5486,27.1,34.4,
A156,8,2020-08-21,5.9998,27,34.5,
A168,8,2020-08-21,5.2626,27,34.5,
A171,8,2020-08-21,3.5622,27.1,34.4,
A187,8,2020-08-21,7.7086,27.1,34.4,
A193,8,2020-08-21,3.7293,27.1,34.4,
A197,8,2020-08-21,3.7166,27.1,34.4,
A070,Holding,2020-08-21,3.6366,27.1,34.4,
A092,Holding (3),2020-08-21,3.6562,27.1,34.4,
A153,Holding (4),2020-08-21,3.2236,27,34.5,New
A136,Holding,2020-08-21,3.0208,27,34.5,New
A142,Holding,2020-08-21,3.1917,27,34.5,New
A145,Holding,2020-08-21,3.4947,27,34.5,New
205,1,2020-09-04,7.2623,27.6,34.6,taking 3rd water sample (initial)
220,1,2020-09-04,4.9137,27.6,34.6,
226,1,2020-09-04,2.9735,27.7,34.6,
231,1,2020-09-04,4.8337,27.6,34.6,
247,1,2020-09-04,6.0787,27.6,34.5,
253,1,2020-09-04,11.5588,27.6,34.6,
262,1,2020-09-04,7.1096,27.6,34.6,
289,1,2020-09-04,11.862,27,34.6,
291,1,2020-09-04,8.0965,27.6,34.7,
A001,1,2020-09-04,4.8227,27.6,34.6,
A007,1,2020-09-04,3.9371,27.6,34.6,
A009,1,2020-09-04,3.6568,27.6,34.7,
A019,1,2020-09-04,3.3817,27.6,34.6,
A022,1,2020-09-04,3.8478,27.6,34.7,
A024,1,2020-09-04,6.7864,27.6,34.6,
A048,1,2020-09-04,3.948,27.6,34.6,
A051,1,2020-09-04,5.6928,27.6,34.6,
A061,1,2020-09-04,6.5339,27.6,34.6,
A067,1,2020-09-04,5.7165,27.6,34.6,
A075,1,2020-09-04,3.9904,27.6,34.6,
A077,1,2020-09-04,4.3944,27.6,34.6,
A084,1,2020-09-04,5.1474,27.7,34.6,
A105,1,2020-09-04,4.2527,27.5,34.6,
A116,1,2020-09-04,4.2007,27.6,34.6,
A127,1,2020-09-04,4.7855,27.7,34.6,
A152,1,2020-09-04,7.8965,27.6,34.6,
A158,1,2020-09-04,5.2894,27.5,34.7,
A159,1,2020-09-04,4.4428,27.6,34.6,
A184,1,2020-09-04,4.4361,27.6,34.6,
A192,1,2020-09-04,3.7898,27.6,34.6,
A196,1,2020-09-04,3.3941,27.6,34.6,
211,2,2020-09-04,3.5644,27.5,34.6,
214,2,2020-09-04,5.084,27.5,34.7,
222,2,2020-09-04,7.5518,27.4,34.7,
237,2,2020-09-04,8.0876,27.5,34.6,
238,2,2020-09-04,5.7598,27.5,34.6,
239,2,2020-09-04,4.6703,27.5,34.7,
270,2,2020-09-04,8.0928,27.5,34.6,
282,2,2020-09-04,6.7086,27.5,34.7,
296,2,2020-09-04,10.4021,27.5,34.7,
A010,2,2020-09-04,3.7412,27.5,34.7,
A026,2,2020-09-04,3.2107,27.5,34.7,
A029,2,2020-09-04,6.9298,27.4,34.7,
A038,2,2020-09-04,3.7718,27.5,34.6,
A041,2,2020-09-04,7.3416,27.5,34.7,
A052,2,2020-09-04,3.8031,27.5,34.7,
A060,2,2020-09-04,5.8343,27.4,34.7,
A072,2,2020-09-04,4.5324,27.5,34.6,
A078,2,2020-09-04,5.3986,27.5,34.6,
A083,2,2020-09-04,4.0885,27.5,34.7,
A097,2,2020-09-04,5.4446,27.5,34.6,
A101,2,2020-09-04,4.0298,27.5,34.7,
A111,2,2020-09-04,6.0771,27.5,34.7,
A114,2,2020-09-04,4.062,27.5,34.6,
A131,2,2020-09-04,4.8809,27.5,34.7,
A134,2,2020-09-04,4.5284,27.5,34.7,
A157,2,2020-09-04,5.1173,27.5,34.6,
A161,2,2020-09-04,6.1979,27.5,34.6,
A165,2,2020-09-04,4.3688,27.5,34.7,
A183,2,2020-09-04,4.7605,27.4,34.7,
A185,2,2020-09-04,3.5904,27.4,34.7,
A188,2,2020-09-04,3.9234,27.5,34.6,
201,3,2020-09-04,7.7907,27.3,34.7,
202,3,2020-09-04,6.3513,27.4,34.7,
215,3,2020-09-04,4.2286,27.3,34.7,
232,3,2020-09-04,7.7575,27.4,34.7,
254,3,2020-09-04,5.1879,27.4,34.7,
258,3,2020-09-04,4.4479,27.4,34.7,
265,3,2020-09-04,8.8415,27.4,34.7,
269,3,2020-09-04,7.6345,27.4,34.7,
293,3,2020-09-04,4.6977,27.3,34.7,
A011,3,2020-09-04,5.1905,27.4,34.7,
A014,3,2020-09-04,3.8282,27.4,34.7,
A018,3,2020-09-04,3.5325,27.4,34.7,
A021,3,2020-09-04,4.9005,27.3,34.7,
A036,3,2020-09-04,3.0478,27.4,34.7,
A039,3,2020-09-04,6.0475,27.3,34.7,
A056,3,2020-09-04,4.406,27.4,34.7,
A058,3,2020-09-04,7.9688,27.4,34.7,
A064,3,2020-09-04,4.6686,27.4,34.7,
A094,3,2020-09-04,6.566,27.4,34.7,
A100,3,2020-09-04,3.9921,27.3,34.7,
A106,3,2020-09-04,4.4927,27.3,34.7,
A119,3,2020-09-04,4.3171,27.4,34.7,
A125,3,2020-09-04,3.8861,27.3,34.7,
A130,3,2020-09-04,6.4925,27.4,34.7,
A151,3,2020-09-04,4.0739,27.3,34.7,
A162,3,2020-09-04,4.8084,27.4,34.7,
A167,3,2020-09-04,6.1562,27.3,34.7,
A175,3,2020-09-04,7.0195,27.3,34.7,
A190,3,2020-09-04,3.7183,27.3,34.7,
A195,3,2020-09-04,3.9995,27.4,34.7,
204,4,2020-09-04,4.8942,27.3,34.4,
216,4,2020-09-04,6.8021,27.3,34.4,
235,4,2020-09-04,6.9627,27.1,34.5,
261,4,2020-09-04,3.4606,27.3,34.4,
266,4,2020-09-04,5.1363,27.1,34.5,
272,4,2020-09-04,3.8904,27.1,34.5,
284,4,2020-09-04,7.4214,27.3,34.5,
285,4,2020-09-04,8.4694,27.4,34.4,
A002,4,2020-09-04,4.1416,27,34.5,
A008,4,2020-09-04,3.8807,27.1,34.5,
A027,4,2020-09-04,4.6579,27.1,34.5,
A034,4,2020-09-04,2.7156,27.3,34.4,
A037,4,2020-09-04,3.5001,27.1,34.5,
A040,4,2020-09-04,8.9143,27.4,34.4,
A045,4,2020-09-04,4.5478,27.1,34.5,
A046,4,2020-09-04,6.1629,27.1,34.5,
A068,4,2020-09-04,4.2068,27.1,34.5,
A071,4,2020-09-04,4.66046,27,34.5,
A076,4,2020-09-04,4.6431,27.1,34.5,
A089,4,2020-09-04,7.7945,27.1,34.5,
A102,4,2020-09-04,5.4208,27.1,34.5,
A107,4,2020-09-04,4.3359,27.1,34.5,
A118,4,2020-09-04,3.6974,27.1,34.5,
A129,4,2020-09-04,7.3744,27.3,34.4,
A155,4,2020-09-04,4.5537,27.1,34.5,
A163,4,2020-09-04,5.7475,27.1,34.5,
A172,4,2020-09-04,3.8175,27.4,34.4,
A176,4,2020-09-04,8.2737,27,34.5,
A179,4,2020-09-04,4.2709,27,34.5,
A198,4,2020-09-04,3.8027,27.3,34.5,
A199,4,2020-09-04,10.3903,27.4,34.4,
227,5,2020-09-04,2.9679,27.4,34.4,Water sample # 1. tank 5 initial
228,5,2020-09-04,6.9985,27.4,34.4,
250,5,2020-09-04,4.8829,27.4,34.4,
252,5,2020-09-04,4.8296,27.4,34.4,
256,5,2020-09-04,10.4182,27.4,34.4,
264,5,2020-09-04,10.4953,27.4,34.4,
268,5,2020-09-04,7.0927,27.4,34.4,
276,5,2020-09-04,7.1946,27.4,34.3,
A004,5,2020-09-04,4.1714,27.4,34.4,
A015,5,2020-09-04,3.3836,27.4,34.3,
A017,5,2020-09-04,3.4628,27.5,34.3,
A028,5,2020-09-04,3.2942,27.4,34.4,
A049,5,2020-09-04,6.3066,27.4,34.3,
A057,5,2020-09-04,6.1132,27.4,34.4,
A062,5,2020-09-04,3.3433,27.5,34.3,
A066,5,2020-09-04,3.9796,27.4,34.3,
A086,5,2020-09-04,4.7004,27.4,34.4,
A087,5,2020-09-04,4.9102,27.4,34.4,reglued recently
A091,5,2020-09-04,4.68,27.4,34.4,
A095,5,2020-09-04,4.6477,27.3,34.4,
A109,5,2020-09-04,4.5901,27.4,34.4,
A115,5,2020-09-04,3.4756,27.3,34.4,
A121,5,2020-09-04,6.66462,27.3,34.4,
A154,5,2020-09-04,4.5431,27.4,34.4,
A160,5,2020-09-04,4.4294,27.4,34.3,
A166,5,2020-09-04,6.4145,27.5,34.3,
A180,5,2020-09-04,4.2373,27.4,34.3,
A181,5,2020-09-04,4.5219,27.4,34.4,dead
A189,5,2020-09-04,3.3992,27.4,34.3,
A200,5,2020-09-04,6.6033,27.5,34.3,
217,6,2020-09-04,5.7545,27.3,34.4,
221,6,2020-09-04,3.2009,27.3,34.4,
224,6,2020-09-04,7.3486,27.4,34.4,
241,6,2020-09-04,8.1679,27.3,34.4,
244,6,2020-09-04,4.4378,27.4,34.4,
251,6,2020-09-04,5.2034,27.3,34.4,
274,6,2020-09-04,9.2313,27.4,34.4,
277,6,2020-09-04,4.9324,27.4,34.4,
288,6,2020-09-04,7.524,27.3,34.4,
A003,6,2020-09-04,4.0231,27.4,34.4,
A016,6,2020-09-04,3.734,27.4,34.4,
A020,6,2020-09-04,3.1141,27.4,34.4,
A032,6,2020-09-04,6.9463,27.4,34.4,
A044,6,2020-09-04,5.943,27.4,34.4,
A050,6,2020-09-04,3.5836,27.4,34.4,
A059,6,2020-09-04,7.0073,27.4,34.4,
A063,6,2020-09-04,4.5832,27.4,34.4,
A082,6,2020-09-04,5.2369,27.4,34.4,
A090,6,2020-09-04,4.0838,27.4,34.4,
A096,6,2020-09-04,3.6593,27.4,34.4,
A098,6,2020-09-04,5.3068,27.3,34.4,
A112,6,2020-09-04,3.8258,27.4,34.4,
A122,6,2020-09-04,4.8265,27.4,34.5,
A123,6,2020-09-04,4.2342,27.4,34.4,
A128,6,2020-09-04,4.5952,27.4,34.4,
A132,6,2020-09-04,6.1199,27.4,34.4,
A173,6,2020-09-04,4.0395,27.4,34.4,
A174,6,2020-09-04,4.8202,27.4,34.4,
A177,6,2020-09-04,4.5789,27.4,34.4,
A178,6,2020-09-04,3.5779,27.4,34.4,
A194,6,2020-09-04,3.8735,27.4,34.4,
208,7,2020-09-04,5.1382,27.2,34.7,
218,7,2020-09-04,4.0992,27.2,34.7,
229,7,2020-09-04,7.9856,27.3,34.7,
230,7,2020-09-04,8.0173,27.3,34.7,
243,7,2020-09-04,5.3425,27.2,34.7,
245,7,2020-09-04,4.1048,27.2,34.7,
279,7,2020-09-04,4.5823,27.3,34.7,
281,7,2020-09-04,7.9256,27.3,34.7,
283,7,2020-09-04,8.6115,27.2,34.7,
A005,7,2020-09-04,6.475,27.3,34.7,
A012,7,2020-09-04,4.0009,27.3,34.7,
A030,7,2020-09-04,3.7899,27.3,34.7,
A031,7,2020-09-04,5.0195,27.3,34.7,
A033,7,2020-09-04,2.8359,27.3,34.7,
A047,7,2020-09-04,4.1518,27.3,34.7,
A053,7,2020-09-04,7.8835,27.3,34.7,
A055,7,2020-09-04,5.872,27.3,34.7,
A069,7,2020-09-04,3.8266,27.3,34.7,
A073,7,2020-09-04,5.9553,27.2,34.7,
A088,7,2020-09-04,4.4449,27.3,34.7,
A103,7,2020-09-04,3,27.3,34.7,
A104,7,2020-09-04,5.0935,27.3,34.7,
A110,7,2020-09-04,4.0149,27.3,34.7,
A113,7,2020-09-04,6.0803,27.2,34.7,
A120,7,2020-09-04,4.76,27.2,34.7,
A164,7,2020-09-04,6.2062,27.3,34.7,
A169,7,2020-09-04,3.8346,27.3,34.7,
A170,7,2020-09-04,5.1172,27.3,34.7,
A182,7,2020-09-04,4.8702,27.3,34.7,
A186,7,2020-09-04,3.8834,27.2,34.7,
A191,7,2020-09-04,3.6728,27.2,34.7,Water sample # 4. tank 7 final
207,8,2020-09-04,4.8868,27.1,34.5,
209,8,2020-09-04,4.3714,27.1,34.5,
225,8,2020-09-04,9.3424,27.1,34.5,
234,8,2020-09-04,6.488,27.1,34.5,
242,8,2020-09-04,5.8472,27.1,34.5,
260,8,2020-09-04,3.1933,27.1,34.6,
263,8,2020-09-04,3.6621,27,34.5,
273,8,2020-09-04,8.2087,27.1,34.5,
275,8,2020-09-04,8.2136,27.1,34.5,
A006,8,2020-09-04,4.193,27.1,34.5,
A013,8,2020-09-04,3.8914,27.1,34.5,
A023,8,2020-09-04,4.989,27.1,34.5,
A025,8,2020-09-04,3.8794,27.1,34.5,
A035,8,2020-09-04,2.7455,27.1,34.5,
A042,8,2020-09-04,4.9238,27.1,34.5,
A043,8,2020-09-04,4.5573,27.1,34.5,
A054,8,2020-09-04,8.1012,27.1,34.5,Tissue loss in quarantine
A065,8,2020-09-04,4.3239,27,34.6,
A079,8,2020-09-04,4.2098,27.1,34.5,
A080,8,2020-09-04,6.7326,27.1,34.5,
A085,8,2020-09-04,5.1658,27.1,34.5,
A093,8,2020-09-04,6.9488,27.1,34.5,
A099,8,2020-09-04,3.9059,27.1,34.5,
A124,8,2020-09-04,4.1385,27.1,34.5,
A133,8,2020-09-04,5.7139,27.1,34.5,
A156,8,2020-09-04,6.1316,27.1,34.5,
A168,8,2020-09-04,5.348,27.1,34.5,
A171,8,2020-09-04,3.6446,27.1,34.5,
A187,8,2020-09-04,7.9969,27,34.5,
A193,8,2020-09-04,3.7825,27.1,34.5,
A197,8,2020-09-04,3.7569,27.1,34.5,
A070,Holding,2020-09-04,3.7325,27.2,34.7,
A092,Holding,2020-09-04,3.753,27.2,34.7,
A153,Holding,2020-09-04,3.2925,27.2,34.7,
A136,Holding,2020-09-04,3.0964,27.2,34.7,
A142,Holding,2020-09-04,3.2457,27.2,34.7,
A145,Holding,2020-09-04,3.5835,27.2,34.7,
306,Holding,2020-09-04,11.9505,27.2,34.7,New
205,1,2020-09-11,7.3521,27.5,33.9,water sample 1
220,1,2020-09-11,4.9504,27.5,34,
226,1,2020-09-11,2.989,27.5,34,
231,1,2020-09-11,4.8845,27.4,34,
247,1,2020-09-11,6.129,27.5,33.9,
253,1,2020-09-11,11.6277,27.5,34,
262,1,2020-09-11,7.1566,27.5,34,
289,1,2020-09-11,11.2658,27.5,34,
291,1,2020-09-11,8.1529,27.5,34,
A001,1,2020-09-11,4.8544,27.5,33.9,
A007,1,2020-09-11,3.9601,27.5,33.9,
A009,1,2020-09-11,3.6747,27.5,34,
A019,1,2020-09-11,3.4145,27.5,34,
A022,1,2020-09-11,3.8914,27.5,33.9,
A024,1,2020-09-11,6.8314,27.5,33.9,
A048,1,2020-09-11,3.5381,27.5,34,
A051,1,2020-09-11,5.7287,27.5,33.9,
A061,1,2020-09-11,6.5979,27.5,34,
A067,1,2020-09-11,5.8031,27.5,34,
A075,1,2020-09-11,4.0279,27.5,34,
A077,1,2020-09-11,4.4315,27.5,34,
A084,1,2020-09-11,5.2163,27.4,34,
A105,1,2020-09-11,4.3075,27.5,33.9,
A116,1,2020-09-11,4.2304,27.5,33.9,
A127,1,2020-09-11,4.8548,27.4,34,
A152,1,2020-09-11,7.938,27.5,34,
A158,1,2020-09-11,5.3256,27.4,34,
A159,1,2020-09-11,4.4786,27.5,34,
A184,1,2020-09-11,4.4688,27.5,34,
A192,1,2020-09-11,3.8066,27.4,34,
A196,1,2020-09-11,3.4158,27.4,34,
211,2,2020-09-11,3.5952,26.6,34.1,
214,2,2020-09-11,5.1115,26.6,34.1,
222,2,2020-09-11,7.599,26.6,34.1,
237,2,2020-09-11,8.1731,26.7,34.1,
238,2,2020-09-11,5.8221,26.6,34.1,
239,2,2020-09-11,4.724,26.6,34.1,
270,2,2020-09-11,3.17,26.6,34.1,
282,2,2020-09-11,6.7766,26.7,34.1,
296,2,2020-09-11,10.4927,26.7,34.1,
A010,2,2020-09-11,3.7554,26.6,34.1,
A029,2,2020-09-11,6.9531,26.7,34.1,
A038,2,2020-09-11,3.7987,26.7,34.1,
A041,2,2020-09-11,7.3781,26.6,34.1,
A052,2,2020-09-11,3.83,26.6,34.1,
A060,2,2020-09-11,5.8583,26.6,34.1,
A072,2,2020-09-11,4.5788,26.7,34.1,
A078,2,2020-09-11,5.4704,26.6,34.1,
A083,2,2020-09-11,4.1244,26.7,34.1,
A097,2,2020-09-11,5.4858,26.6,34.1,
A101,2,2020-09-11,4.0566,26.8,34.1,
A111,2,2020-09-11,6.1637,26.6,34.1,
A114,2,2020-09-11,4.0939,26.6,34.1,
A131,2,2020-09-11,4.9334,26.6,34.1,
A134,2,2020-09-11,4.5964,26.6,34.1,
A157,2,2020-09-11,5.1495,26.6,34.1,
A161,2,2020-09-11,6.2361,26.6,34.1,
A165,2,2020-09-11,4.3937,26.7,34.1,
A183,2,2020-09-11,4.7816,26.6,34.1,
A185,2,2020-09-11,3.6111,26.6,34.1,
A188,2,2020-09-11,3.9524,26.6,34.1,
201,3,2020-09-11,7.8646,26.6,34.1,
202,3,2020-09-11,6.4115,26.6,34.1,
215,3,2020-09-11,4.2919,26.6,34.1,
232,3,2020-09-11,7.8419,26.6,34.1,
254,3,2020-09-11,5.2484,26.6,34.1,
258,3,2020-09-11,4.5237,26.6,34.1,
265,3,2020-09-11,8.9367,26.6,34.1,
269,3,2020-09-11,7.7099,26.6,34.1,
293,3,2020-09-11,4.7559,26.6,34.1,
A011,3,2020-09-11,5.2948,26.6,34.1,
A014,3,2020-09-11,3.8674,26.6,34.1,
A018,3,2020-09-11,3.573,26.6,34.1,
A021,3,2020-09-11,4.9643,26.6,34.1,
A036,3,2020-09-11,3.074,26.6,34.1,
A039,3,2020-09-11,6.1106,26.6,34.1,
A056,3,2020-09-11,4.4676,26.6,34.1,
A058,3,2020-09-11,8.0572,26.6,34.1,
A064,3,2020-09-11,4.7324,26.6,34.1,
A094,3,2020-09-11,6.6218,26.6,34.1,
A100,3,2020-09-11,4.025,26.6,34.1,
A106,3,2020-09-11,4.5607,26.6,34.1,
A119,3,2020-09-11,4.3516,26.5,34.1,
A125,3,2020-09-11,3.9315,26.6,34.1,
A130,3,2020-09-11,6.6117,26.6,34.1,
A151,3,2020-09-11,4.1478,26.6,34.1,
A162,3,2020-09-11,4.8626,26.6,34.1,
A167,3,2020-09-11,6.2282,26.6,34.1,
A175,3,2020-09-11,7.0874,26.6,34.1,
A190,3,2020-09-11,3.7526,26.6,34.1,
A195,3,2020-09-11,4.0411,26.6,34.1,
204,4,2020-09-11,4.9586,26.5,34.1,
216,4,2020-09-11,6.8835,26.5,34.1,
235,4,2020-09-11,7.0126,26.5,34.1,
261,4,2020-09-11,3.5086,26.5,34.1,
266,4,2020-09-11,5.2264,26.5,34.1,
272,4,2020-09-11,3.9374,26.5,34.1,
284,4,2020-09-11,7.5137,26.5,34.1,
285,4,2020-09-11,8.5736,26.5,34.1,
A002,4,2020-09-11,4.1663,26.5,34.1,
A008,4,2020-09-11,3.8979,26.5,34.1,
A027,4,2020-09-11,4.6965,26.5,34.1,
A034,4,2020-09-11,2.7439,26.5,34.1,
A037,4,2020-09-11,3.5454,26.5,34.1,
A040,4,2020-09-11,9.0038,26.5,34.1,
A045,4,2020-09-11,4.6022,26.5,34.1,
A046,4,2020-09-11,6.2019,26.5,34.1,
A068,4,2020-09-11,4.2731,26.5,34.1,
A071,4,2020-09-11,4.6788,26.5,34.1,
A076,4,2020-09-11,4.7075,26.5,34.1,
A089,4,2020-09-11,7.901,26.5,34.1,
A102,4,2020-09-11,5.5294,26.5,34.1,
A107,4,2020-09-11,4.3936,26.5,34.1,
A118,4,2020-09-11,3.7567,26.5,34.1,
A129,4,2020-09-11,7.4894,26.5,34.1,
A155,4,2020-09-11,4.5936,26.5,34.1,
A163,4,2020-09-11,5.798,26.5,34.1,
A172,4,2020-09-11,3.8707,26.5,34.1,
A176,4,2020-09-11,8.3576,26.5,34.1,
A179,4,2020-09-11,4.3097,26.5,34.1,
A198,4,2020-09-11,3.8319,26.5,34.1,
A199,4,2020-09-11,10.5055,26.5,34.1,water sample 2
227,5,2020-09-11,3.0108,27.9,34,
228,5,2020-09-11,7.0975,27.8,33.9,
250,5,2020-09-11,4.9621,27.9,33.9,
252,5,2020-09-11,4.8907,27.8,33.9,
256,5,2020-09-11,10.5363,27.8,33.9,
264,5,2020-09-11,10.6035,27.8,33.9,
268,5,2020-09-11,7.1822,27.8,33.9,
276,5,2020-09-11,7.2805,27.9,33.9,
A004,5,2020-09-11,4.2072,27.8,33.9,
A015,5,2020-09-11,3.4228,27.9,34,
A017,5,2020-09-11,3.5054,27.9,33.9,
A028,5,2020-09-11,3.3354,27.9,33.9,
A049,5,2020-09-11,6.3591,27.9,33.9,
A057,5,2020-09-11,6.163,27.9,33.9,
A062,5,2020-09-11,3.3928,27.9,33.9,
A066,5,2020-09-11,4.0342,27.8,33.9,
A086,5,2020-09-11,4.7935,27.9,34,
A087,5,2020-09-11,4.9685,27.8,33.9,
A091,5,2020-09-11,4.7898,27.9,33.9,
A095,5,2020-09-11,4.7088,27.9,33.9,
A109,5,2020-09-11,4.6568,27.9,33.9,
A115,5,2020-09-11,3.516,27.9,34,
A121,5,2020-09-11,6.7657,27.9,33.9,
A154,5,2020-09-11,4.5955,27.9,33.9,
A160,5,2020-09-11,4.4798,27.9,33.9,
A166,5,2020-09-11,6.4723,27.9,34,
A180,5,2020-09-11,4.2851,27.9,33.9,
A181,5,2020-09-11,4.5866,27.9,34,
A189,5,2020-09-11,3.4358,27.8,33.9,
A200,5,2020-09-11,6.6876,27.9,34,water sample 3
217,6,2020-09-11,5.8482,27.7,34,
221,6,2020-09-11,3.2577,27.7,34,
224,6,2020-09-11,7.4298,27.7,34,
241,6,2020-09-11,8.2926,27.7,34,
244,6,2020-09-11,4.4834,27.7,34,
251,6,2020-09-11,5.2807,27.7,34,
274,6,2020-09-11,9.3295,27.7,34,
277,6,2020-09-11,4.9999,27.7,34,
288,6,2020-09-11,7.6057,27.7,34,
A003,6,2020-09-11,4.0554,27.7,34,
A016,6,2020-09-11,3.8064,27.8,33.9,
A020,6,2020-09-11,3.1597,27.7,34,
A032,6,2020-09-11,7.0303,27.8,33.9,
A044,6,2020-09-11,6.0024,27.8,33.9,
A050,6,2020-09-11,3.6309,27.8,33.9,
A059,6,2020-09-11,7.1159,27.7,34,
A082,6,2020-09-11,5.3547,27.7,34,
A090,6,2020-09-11,4.1455,27.7,34,
A096,6,2020-09-11,3.6942,27.7,33.9,
A098,6,2020-09-11,5.3585,27.7,33.9,
A112,6,2020-09-11,3.8711,27.7,34,
A122,6,2020-09-11,4.9243,27.7,33.9,
A123,6,2020-09-11,4.2717,27.7,33.9,
A128,6,2020-09-11,4.697,27.7,34,
A132,6,2020-09-11,6.2463,27.7,34,
A173,6,2020-09-11,4.0859,27.7,34,
A174,6,2020-09-11,4.8953,27.7,34,
A177,6,2020-09-11,4.6335,27.7,34,
A178,6,2020-09-11,3.6186,27.7,34,
A194,6,2020-09-11,3.9101,27.8,33.9,
208,7,2020-09-11,5.2271,27.5,34,
218,7,2020-09-11,4.1548,27.5,34,
229,7,2020-09-11,8.1021,27.6,33.9,
230,7,2020-09-11,8.1436,27.5,34,
243,7,2020-09-11,5.456,27.6,34,
245,7,2020-09-11,4.1851,27.6,34,
279,7,2020-09-11,4.6568,27.5,34,
281,7,2020-09-11,8.0293,27.5,34,
283,7,2020-09-11,8.7485,27.5,34,
A005,7,2020-09-11,6.5258,27.5,33.9,
A012,7,2020-09-11,4.0494,27.6,33.9,
A030,7,2020-09-11,3.8509,27.6,33.9,
A031,7,2020-09-11,5.1827,27.5,34,
A033,7,2020-09-11,2.8784,27.5,33.9,
A047,7,2020-09-11,4.212,27.5,33.9,
A053,7,2020-09-11,7.9783,27.5,33.9,
A055,7,2020-09-11,5.9458,27.6,34,
A069,7,2020-09-11,4.2238,27.5,34,
A073,7,2020-09-11,6.0543,27.5,34,
A088,7,2020-09-11,4.5292,27.6,33.9,
A103,7,2020-09-11,3.8792,27.5,33.9,
A104,7,2020-09-11,5.1807,27.5,33.9,
A110,7,2020-09-11,4.0701,27.5,34,
A113,7,2020-09-11,6.1943,27.5,33.9,
A120,7,2020-09-11,4.3583,27.6,33.9,suspicious result -maybe incorrect last week
A164,7,2020-09-11,6.3009,27.5,33.9,
A169,7,2020-09-11,3.8955,27.6,34,
A170,7,2020-09-11,5.1698,27.5,33.9,
A182,7,2020-09-11,4.9373,27.6,34,
A186,7,2020-09-11,3.9349,27.6,33.9,
A191,7,2020-09-11,3.7189,27.5,33.9,
207,8,2020-09-11,4.9656,27.3,34,
209,8,2020-09-11,4.4307,27.3,34,
225,8,2020-09-11,9.443,27.3,34,
234,8,2020-09-11,6.5856,27.3,34,
242,8,2020-09-11,5.9478,27.3,34,
260,8,2020-09-11,3.2307,27.3,34,
263,8,2020-09-11,3.7198,27.3,34,
273,8,2020-09-11,8.3182,27.3,34,
275,8,2020-09-11,8.3088,27.3,34,
A006,8,2020-09-11,4.9898,27.4,34,
A013,8,2020-09-11,3.9423,27.3,34,
A023,8,2020-09-11,5.0839,27.4,34,
A025,8,2020-09-11,3.9267,27.4,34,
A035,8,2020-09-11,2.7824,27.3,34,
A042,8,2020-09-11,4.994,27.4,34,
A043,8,2020-09-11,4.6369,27.3,34,
A065,8,2020-09-11,4.4208,27.3,34,
A079,8,2020-09-11,4.2735,27.4,34,
A080,8,2020-09-11,6.8509,27.4,34,
A085,8,2020-09-11,5.2753,27.4,34,
A093,8,2020-09-11,7.0139,27.4,34,
A099,8,2020-09-11,3.9577,27.4,34,
A124,8,2020-09-11,4.1898,27.4,34,
A133,8,2020-09-11,5.8018,27.3,34,
A156,8,2020-09-11,6.225,27.3,34,
A168,8,2020-09-11,5.4142,27.4,34,
A171,8,2020-09-11,3.6981,27.4,34,
A187,8,2020-09-11,8.0911,27.4,34,
A193,8,2020-09-11,3.8165,27.4,34,
A197,8,2020-09-11,3.8067,27.4,34,
A070,3,2020-09-11,3.7744,26.6,34.1,new to the experiment
A092,3,2020-09-11,3.7894,26.6,34.1,new to the experiment
A153,4,2020-09-11,3.3093,26.5,34.1,new to the experiment
A145,6,2020-09-11,3.6364,27.7,34,new to the experiment
358,5,2020-09-11,2.5147,27.8,33.9,
410,6,2020-09-11,2.5716,27.6,33.9,new to the experiment
469,8,2020-09-11,3.9092,27.3,34,new to the experiment
208,1,2020-09-18,5.2845,27.9,32.5,water sample 1
218,1,2020-09-18,4.1887,27.9,32.5,
229,1,2020-09-18,8.1674,27.9,32.5,
230,1,2020-09-18,8.1978,27.9,32.5,
243,1,2020-09-18,5.5284,27.9,32.5,
245,1,2020-09-18,4.2315,27.9,32.5,
279,1,2020-09-18,4.7114,27.9,32.5,
281,1,2020-09-18,8.0933,27.9,32.5,
283,1,2020-09-18,8.8233,27.9,32.5,
A005,1,2020-09-18,6.6078,27.9,32.5,
A012,1,2020-09-18,4.0862,27.9,32.5,
A030,1,2020-09-18,3.8983,27.9,32.5,
A031,1,2020-09-18,5.2256,27.9,32.5,
A033,1,2020-09-18,2.9118,27.9,32.5,
A047,1,2020-09-18,4.2559,27.9,32.5,
A053,1,2020-09-18,8.0409,27.9,32.5,
A055,1,2020-09-18,5.9978,27.9,32.5,
A069,1,2020-09-18,4.2753,27.9,32.5,
A073,1,2020-09-18,6.1129,27.9,32.5,
A088,1,2020-09-18,4.5898,27.9,32.5,
A103,1,2020-09-18,3.9183,27.9,32.5,
A104,1,2020-09-18,5.2476,27.9,32.5,
A110,1,2020-09-18,4.1113,27.9,32.5,
A113,1,2020-09-18,6.2834,27.9,32.5,
A120,1,2020-09-18,4.4083,27.9,32.5,
A164,1,2020-09-18,6.3604,27.9,32.5,
A169,1,2020-09-18,NA,NA,NA,tissue loss
A170,1,2020-09-18,5.2173,27.9,32.5,
A182,1,2020-09-18,4.9795,27.9,32.5,
A186,1,2020-09-18,3.9752,27.9,32.5,
A191,1,2020-09-18,3.7478,27.9,32.5,
207,2,2020-09-18,5.0346,27.8,32.5,
209,2,2020-09-18,4.4878,27.8,32.5,
225,2,2020-09-18,9.5392,27.8,32.5,
234,2,2020-09-18,6.6669,27.7,32.5,
242,2,2020-09-18,6.0133,27.7,32.5,
260,2,2020-09-18,3.2697,27.7,32.5,
263,2,2020-09-18,3.77,27.7,32.5,
273,2,2020-09-18,8.4075,27.7,32.5,
275,2,2020-09-18,8.3881,27.7,32.5,
A006,2,2020-09-18,4.2502,27.9,32.5,
A013,2,2020-09-18,3.9828,27.9,32.5,
A023,2,2020-09-18,5.1438,27.9,32.5,
A025,2,2020-09-18,3.9707,27.9,32.5,
A035,2,2020-09-18,2.8149,27.9,32.5,
A042,2,2020-09-18,5.0598,27.8,32.5,
A043,2,2020-09-18,4.7122,27.8,32.5,
A065,2,2020-09-18,4.4969,27.8,32.5,
A079,2,2020-09-18,4.33,27.8,32.5,
A080,2,2020-09-18,6.974,27.8,32.5,
A085,2,2020-09-18,5.3599,27.8,32.5,
A093,2,2020-09-18,7.0735,27.8,32.5,
A099,2,2020-09-18,3.9989,27.8,32.5,
A124,2,2020-09-18,4.2313,27.8,32.5,
A133,2,2020-09-18,5.8783,27.8,32.5,
A156,2,2020-09-18,6.2831,27.8,32.5,
A168,2,2020-09-18,5.4701,27.8,32.5,
A171,2,2020-09-18,3.7579,27.8,32.5,
A187,2,2020-09-18,8.1508,27.8,32.5,
A193,2,2020-09-18,3.8561,27.8,32.5,
A197,2,2020-09-18,3.8519,27.8,32.5,
469,2,2020-09-18,3.9726,27.8,32.5,
201,3,2020-09-18,7.9346,27.4,32.6,
202,3,2020-09-18,6.4763,27.4,32.6,
215,3,2020-09-18,4.3504,27.3,32.6,
232,3,2020-09-18,7.9319,27.4,32.6,
254,3,2020-09-18,5.3172,27.4,32.6,
258,3,2020-09-18,4.6029,27.3,32.6,
265,3,2020-09-18,9.0237,27.4,32.6,
269,3,2020-09-18,7.7911,27.3,32.6,
293,3,2020-09-18,4.8195,27.3,32.6,
A011,3,2020-09-18,5.392,27.2,32.7,
A014,3,2020-09-18,3.9163,27.2,32.7,
A018,3,2020-09-18,3.6238,27.2,32.7,
A021,3,2020-09-18,5.0299,27.2,32.7,
A036,3,2020-09-18,3.116,27.2,32.7,
A039,3,2020-09-18,6.1665,27.3,32.6,
A056,3,2020-09-18,4.5346,27.3,32.6,
A058,3,2020-09-18,8.1362,27.3,32.6,
A064,3,2020-09-18,4.7928,27.3,32.6,
A094,3,2020-09-18,6.6856,27.3,32.6,
A100,3,2020-09-18,4.0621,27.3,32.6,
A106,3,2020-09-18,4.6371,27.3,32.6,
A119,3,2020-09-18,4.3999,27.3,32.7,
A125,3,2020-09-18,3.9858,27.2,32.7,
A130,3,2020-09-18,6.7331,27.3,32.6,
A151,3,2020-09-18,4.2079,27.2,32.6,
A162,3,2020-09-18,4.9239,27.2,32.7,
A167,3,2020-09-18,6.3022,27.2,32.7,
A175,3,2020-09-18,7.1516,27.4,32.6,
A190,3,2020-09-18,3.7617,27.8,32.5,
A195,3,2020-09-18,4.0902,27.4,32.6,
A070,3,2020-09-18,3.8455,27.2,32.7,
A092,3,2020-09-18,3.8518,27.3,32.6,
204,4,2020-09-18,5.0154,27.1,32.6,
216,4,2020-09-18,6.9484,27,32.6,
235,4,2020-09-18,7.065,27,32.6,
261,4,2020-09-18,3.5504,27,32.6,
266,4,2020-09-18,5.2941,27,32.6,
272,4,2020-09-18,3.9898,27,32.6,
284,4,2020-09-18,7.585,27,32.6,
285,4,2020-09-18,8.6572,27,32.6,
A002,4,2020-09-18,4.2003,27.2,32.6,
A008,4,2020-09-18,3.9305,27.1,32.6,
A027,4,2020-09-18,4.737,27.2,32.6,
A034,4,2020-09-18,2.7729,27.1,32.6,
A037,4,2020-09-18,3.5947,27.1,32.6,
A040,4,2020-09-18,9.064,27.1,32.6,
A045,4,2020-09-18,4.6512,27.1,32.6,
A046,4,2020-09-18,6.2488,27.1,32.6,
A068,4,2020-09-18,4.3328,27.1,32.6,
A071,4,2020-09-18,4.7513,27.1,32.6,
A076,4,2020-09-18,4.7618,27.1,32.6,
A089,4,2020-09-18,7.9802,27.1,32.6,
A102,4,2020-09-18,5.6188,27.1,32.6,
A107,4,2020-09-18,4.4486,27.1,32.6,
A118,4,2020-09-18,3.7956,27.1,32.6,
A129,4,2020-09-18,7.5929,27.1,32.6,
A155,4,2020-09-18,4.6408,27.1,32.6,
A163,4,2020-09-18,5.8604,27.1,32.6,
A172,4,2020-09-18,3.9248,27.1,32.6,
A176,4,2020-09-18,8.4258,27.1,32.6,
A179,4,2020-09-18,4.3555,27.1,32.6,
A198,4,2020-09-18,3.8722,27.1,32.6,
A199,4,2020-09-18,10.6148,27.1,32.6,
A153,4,2020-09-18,3.3405,27.1,32.6,water sample 2
227,5,2020-09-18,3.0584,27.5,33.2,water sample 3
228,5,2020-09-18,7.1948,27.5,33.2,
250,5,2020-09-18,5.0328,27.5,33.2,
252,5,2020-09-18,4.9656,27.2,33.2,tip fell off and reglued 
256,5,2020-09-18,10.6474,27.5,33.2,
264,5,2020-09-18,10.7021,27.5,33.2,
268,5,2020-09-18,7.2658,27.5,33.2,
276,5,2020-09-18,7.3464,27.5,33.2,
A004,5,2020-09-18,4.2485,27.5,33.1,
A015,5,2020-09-18,3.466,27.5,33.1,
A017,5,2020-09-18,3.3267,27.6,33.2,TL 9/14/20
A028,5,2020-09-18,3.3851,27.6,33.2,
A049,5,2020-09-18,6.4275,27.6,33.2,
A057,5,2020-09-18,6.251,27.6,33.2,
A062,5,2020-09-18,3.4479,27.6,33.2,
A066,5,2020-09-18,4.0958,27.6,33.2,
A086,5,2020-09-18,4.8991,27.6,33.2,
A087,5,2020-09-18,5.0335,27.6,33.2,
A091,5,2020-09-18,4.8738,27.6,33.2,
A095,5,2020-09-18,4.784,27.6,33.2,
A109,5,2020-09-18,4.7422,27.6,33.2,
A115,5,2020-09-18,3.5617,27.6,33.2,
A121,5,2020-09-18,6.8812,27.6,33.2,
A154,5,2020-09-18,4.6797,27.6,33.2,
A160,5,2020-09-18,4.5406,27.5,33.2,
A166,5,2020-09-18,6.5467,27.5,33.2,
A180,5,2020-09-18,4.342,27.5,33.2,
A181,5,2020-09-18,4.6541,27.5,33.2,
A189,5,2020-09-18,3.4646,27.5,33.2,
A200,5,2020-09-18,6.7773,27.5,33.2,
358,5,2020-09-18,2.5459,27.5,33.2,
217,6,2020-09-18,5.9156,27.1,33.2,
221,6,2020-09-18,3.3106,27.1,33.2,
224,6,2020-09-18,7.4962,27.1,33.2,
241,6,2020-09-18,8.3745,27.1,33.2,
244,6,2020-09-18,4.5209,27.1,33.2,
251,6,2020-09-18,5.3435,27.1,33.2,
274,6,2020-09-18,9.3966,27,33.2,
277,6,2020-09-18,5.0559,27,33.2,
288,6,2020-09-18,7.6767,27,33.2,
A003,6,2020-09-18,4.0598,27.2,33.2,
A016,6,2020-09-18,3.8449,27.2,33.2,
A020,6,2020-09-18,3.1885,27.2,33.2,
A032,6,2020-09-18,7.1133,27.1,33.2,
A044,6,2020-09-18,6.0371,27.1,33.2,
A050,6,2020-09-18,3.6682,27.1,33.2,
A059,6,2020-09-18,7.1858,27.1,33.2,
A082,6,2020-09-18,5.4338,27.1,33.2,
A090,6,2020-09-18,4.2008,27.1,33.2,
A096,6,2020-09-18,3.7142,27.1,33.2,
A098,6,2020-09-18,5.3764,27.1,33.2,
A112,6,2020-09-18,3.9159,27.1,33.2,
A122,6,2020-09-18,4.9962,27.1,33.2,
A123,6,2020-09-18,4.2978,27.1,33.2,
A128,6,2020-09-18,4.7564,27.1,33.2,
A132,6,2020-09-18,6.3488,27.1,33.2,
A173,6,2020-09-18,4.1261,27.1,33.2,
A174,6,2020-09-18,4.9741,27.1,33.2,
A177,6,2020-09-18,4.6726,27.1,33.2,
A178,6,2020-09-18,3.6533,27.1,33.2,
A194,6,2020-09-18,3.942,27.1,33.2,
A145,6,2020-09-18,3.6915,27.1,33.2,
410,6,2020-09-18,2.5745,27,33.2,
205,7,2020-09-18,7.4336,26.8,33.3,
220,7,2020-09-18,4.9894,26.8,33.3,
226,7,2020-09-18,3.0038,26.8,33.3,
231,7,2020-09-18,4.9398,26.8,33.3,
247,7,2020-09-18,6.1729,26.8,33.3,
253,7,2020-09-18,11.6918,26.8,33.3,
262,7,2020-09-18,7.2043,26.8,33.3,
289,7,2020-09-18,11.3453,26.8,33.3,
291,7,2020-09-18,8.2051,26.8,33.3,
A001,7,2020-09-18,4.8731,26.8,33.3,
A007,7,2020-09-18,3.9861,26.8,33.3,
A009,7,2020-09-18,3.6832,26.8,33.3,
A019,7,2020-09-18,3.448,26.8,33.3,
A022,7,2020-09-18,3.9303,26.8,33.3,
A024,7,2020-09-18,6.8798,26.8,33.3,
A048,7,2020-09-18,3.5772,26.8,33.3,
A051,7,2020-09-18,5.7681,26.8,33.3,
A061,7,2020-09-18,6.662,26.8,33.3,
A067,7,2020-09-18,5.8695,26.8,33.3,
A075,7,2020-09-18,4.0684,26.8,33.3,
A077,7,2020-09-18,4.4786,26.8,33.3,
A084,7,2020-09-18,5.2715,26.8,33.3,
A105,7,2020-09-18,4.362,26.8,33.3,
A116,7,2020-09-18,4.2668,26.8,33.3,
A127,7,2020-09-18,4.9188,26.8,33.3,
A152,7,2020-09-18,7.9868,26.8,33.3,
A158,7,2020-09-18,5.3631,26.8,33.3,
A159,7,2020-09-18,4.5164,26.8,33.3,
A184,7,2020-09-18,4.4908,26.8,33.3,
A192,7,2020-09-18,3.8254,26.8,33.3,
A196,7,2020-09-18,3.4331,26.8,33.3,
211,8,2020-09-18,3.6387,26.9,33.2,
214,8,2020-09-18,5.1475,26.9,33.2,
222,8,2020-09-18,7.6469,26.9,33.2,
237,8,2020-09-18,8.231,26.9,33.2,
238,8,2020-09-18,5.8874,26.9,33.2,
239,8,2020-09-18,4.7765,26.9,33.2,
270,8,2020-09-18,8.2252,26.9,33.3,
282,8,2020-09-18,6.8417,26.9,33.3,
296,8,2020-09-18,10.5743,26.9,33.3,
A010,8,2020-09-18,3.7712,27,33.2,all of 8 were in tank 7
A029,8,2020-09-18,6.9998,27,33.2, looks pale
A038,8,2020-09-18,3.8398,27,33.2,
A041,8,2020-09-18,7.4116,27,33.2,
A052,8,2020-09-18,3.8637,27,33.2,
A060,8,2020-09-18,5.8909,27,33.2,
A072,8,2020-09-18,4.6263,27,33.2,
A078,8,2020-09-18,5.5274,27,33.2,
A083,8,2020-09-18,4.1626,27,33.2,
A097,8,2020-09-18,5.5158,27,33.2,
A101,8,2020-09-18,4.0848,27,33.2,pale
A111,8,2020-09-18,6.2332,26.9,33.3,pale
A114,8,2020-09-18,4.1288,26.9,33.3,
A131,8,2020-09-18,4.9909,26.9,33.3,
A134,8,2020-09-18,4.6576,26.9,33.3,
A157,8,2020-09-18,5.1954,26.9,33.3,
A161,8,2020-09-18,6.2943,26.9,33.3,
A165,8,2020-09-18,4.4381,26.9,33.3,
A183,8,2020-09-18,4.8099,26.9,33.3,
A185,8,2020-09-18,3.6426,26.9,33.3,
A188,8,2020-09-18,3.9854,26.9,33.3,
208,1,2020-10-02,5.3561,27.9,32.4,water sample #1 taken
218,1,2020-10-02,4.2479,27.9,32.4,
230,1,2020-10-02,8.2648,27.8,32.4,
243,1,2020-10-02,5.6456,27.8,32.4,
245,1,2020-10-02,4.2698,27.9,32.4,
279,1,2020-10-02,4.7839,27.8,32.4,
281,1,2020-10-02,8.1899,27.8,32.4,
283,1,2020-10-02,8.9261,27.8,32.4,
A005,1,2020-10-02,6.6327,27.8,32.4,
A012,1,2020-10-02,4.1126,27.8,32.4,
A030,1,2020-10-02,3.9492,27.8,32.4,
A031,1,2020-10-02,5.2868,27.7,32.4,
A033,1,2020-10-02,2.9368,27.7,32.4,
A047,1,2020-10-02,4.2924,27.7,32.4,
A053,1,2020-10-02,8.0963,27.7,32.4,
A055,1,2020-10-02,6.0505,27.8,32.4,
A069,1,2020-10-02,4.3339,27.7,32.4,
A088,1,2020-10-02,4.6577,27.7,32.4,
A103,1,2020-10-02,3.9341,27.7,32.4,
A104,1,2020-10-02,5.3263,27.7,32.4,
A110,1,2020-10-02,4.1597,27.7,32.4,
A113,1,2020-10-02,6.3729,27.7,32.4,
A120,1,2020-10-02,4.4651,27.6,32.4,
A164,1,2020-10-02,6.4364,27.6,32.4,
A170,1,2020-10-02,5.2727,27.7,32.4,
A182,1,2020-10-02,5.0189,27.7,32.4,
A186,1,2020-10-02,4.0168,27.7,32.4,
A191,1,2020-10-02,3.7791,27.7,32.4,
334,1,2020-10-02,2.8307,27.8,32.4,
471,1,2020-10-02,5.9416,27.8,32.4,
207,2,2020-10-02,5.1016,27.5,32.4,
209,2,2020-10-02,4.5585,27.5,32.4,
225,2,2020-10-02,9.6351,27.5,32.4,
234,2,2020-10-02,6.7397,27.5,32.4,
242,2,2020-10-02,6.1135,27.5,32.4,
260,2,2020-10-02,3.3148,27.5,32.4,
263,2,2020-10-02,3.8178,27.5,32.4,
273,2,2020-10-02,8.4983,27.5,32.4,
275,2,2020-10-02,8.4702,27.5,32.4,
A006,2,2020-10-02,4.3088,27.5,32.4,
A013,2,2020-10-02,4.0169,27.5,32.4,
A023,2,2020-10-02,5.2012,27.5,32.4,
A025,2,2020-10-02,4.0154,27.5,32.4,
A035,2,2020-10-02,2.8475,27.5,32.4,
A042,2,2020-10-02,5.1366,27.4,32.4,
A043,2,2020-10-02,4.7877,27.4,32.4,
A065,2,2020-10-02,4.585,27.4,32.4,
A079,2,2020-10-02,4.3908,27.5,32.4,
A080,2,2020-10-02,7.1085,27.5,32.4,
A085,2,2020-10-02,5.4489,27.4,32.4,
A093,2,2020-10-02,7.1048,27.4,32.4,
A099,2,2020-10-02,4.0348,27.4,32.4,
A124,2,2020-10-02,4.2811,27.4,32.4,
A133,2,2020-10-02,5.9733,27.3,32.4,
A156,2,2020-10-02,6.3538,27.4,32.4,
A168,2,2020-10-02,5.5336,27.3,32.4,
A171,2,2020-10-02,3.8139,27.4,32.4,
A187,2,2020-10-02,8.19,27.4,32.4,
A193,2,2020-10-02,3.8907,27.3,32.4,
A197,2,2020-10-02,3.8797,27.4,32.4,
469,2,2020-10-02,4.0359,27.5,32.4,
201,3,2020-10-02,7.9963,27.3,32.4,
202,3,2020-10-02,6.5401,27.3,32.4,
215,3,2020-10-02,4.3927,27.3,32.4,
232,3,2020-10-02,8.0081,27.2,32.5,
254,3,2020-10-02,5.3991,27.2,32.5,
258,3,2020-10-02,4.675,27.2,32.5,
265,3,2020-10-02,9.1065,27.2,32.5,
269,3,2020-10-02,7.8719,27.2,32.5,
293,3,2020-10-02,4.86768,27.2,32.5,
A011,3,2020-10-02,5.4802,27.1,32.5,
A014,3,2020-10-02,3.9386,27.1,32.5,
A018,3,2020-10-02,3.6648,27.1,32.5,
A021,3,2020-10-02,5.0794,27.2,32.5,
A036,3,2020-10-02,3.19369,27.2,32.5,
A039,3,2020-10-02,6.2008,27.1,32.5,
A056,3,2020-10-02,4.5825,27.1,32.5,
A058,3,2020-10-02,8.178,27.1,32.5,
A064,3,2020-10-02,4.834,27.2,32.5,
A094,3,2020-10-02,6.7125,27.1,32.5,
A100,3,2020-10-02,4.0835,27.1,32.5,
A106,3,2020-10-02,4.7114,27.1,32.5,
A119,3,2020-10-02,4.4426,27.1,32.5,
A125,3,2020-10-02,4.0361,27.1,32.5,
A130,3,2020-10-02,6.8307,27.1,32.5,
A162,3,2020-10-02,4.9999,27,32.5,
A167,3,2020-10-02,6.3796,27,32.5,
A175,3,2020-10-02,7.2092,27,32.5,
A190,3,2020-10-02,3.8156,27,32.5,
A195,3,2020-10-02,4.1167,27,32.5,
A070,3,2020-10-02,3.9054,27.1,32.5,
A092,3,2020-10-02,3.9084,27.1,32.5,
204,4,2020-10-02,5.0741,26.8,32.5,
216,4,2020-10-02,6.9985,26.8,32.5,
235,4,2020-10-02,7.1253,26.8,32.5,
261,4,2020-10-02,3.5855,26.8,32.5,
266,4,2020-10-02,5.3529,26.8,32.5,
272,4,2020-10-02,4.0287,26.8,32.5,
284,4,2020-10-02,7.6416,26.8,32.5,
285,4,2020-10-02,8.7299,26.8,32.5,
A002,4,2020-10-02,4.2126,26.9,32.5,
A008,4,2020-10-02,4.0011,27,32.5,
A027,4,2020-10-02,4.7649,27,32.5,
A034,4,2020-10-02,2.7865,26.9,32.5,
A037,4,2020-10-02,3.623,26.9,32.5,
A040,4,2020-10-02,9.1138,26.9,32.5,
A045,4,2020-10-02,4.677,26.9,32.5,
A046,4,2020-10-02,6.2693,27,32.5,
A068,4,2020-10-02,4.3698,26.9,32.5,
A071,4,2020-10-02,4.809,26.9,32.5,
A076,4,2020-10-02,4.7966,26.9,32.5,
A089,4,2020-10-02,8.0789,26.9,32.5,
A102,4,2020-10-02,5.6841,26.9,32.5,
A107,4,2020-10-02,4.4857,26.9,32.5,
A118,4,2020-10-02,3.8304,26.9,32.5,
A129,4,2020-10-02,6.8172,26.9,32.5,top chopped off
A155,4,2020-10-02,4.682,26.9,32.5,
A163,4,2020-10-02,5.9202,26.9,32.5,
A172,4,2020-10-02,3.9753,26.9,32.5,
A176,4,2020-10-02,8.4698,26.9,32.5,
A179,4,2020-10-02,4.3877,26.9,32.5,
A198,4,2020-10-02,3.8962,26.9,32.5,
A199,4,2020-10-02,10.7056,26.8,32.5,
A153,4,2020-10-02,3.3525,27,32.5,water sample #2 end of tank 4
227,5,2020-10-02,3.1313,27.7,32.4,water sample #3 start of tank 5
228,5,2020-10-02,7.3533,27.7,32.4,
250,5,2020-10-02,5.134,27.7,32.4,
252,5,2020-10-02,5.0148,27.7,32.4,
256,5,2020-10-02,10.7849,27.7,32.4,
264,5,2020-10-02,10.8918,27.7,32.4,
268,5,2020-10-02,7.4169,27.7,32.4,
276,5,2020-10-02,7.465,27.7,32.4,
A004,5,2020-10-02,4.2887,28.1,32.3,
A015,5,2020-10-02,3.5011,28.1,32.3,
A017,5,2020-10-02,3.3487,28.1,32.3,
A028,5,2020-10-02,3.4596,28.1,32.4,
A049,5,2020-10-02,6.5317,28.1,32.4,
A057,5,2020-10-02,6.2994,28.1,32.4,
A062,5,2020-10-02,3.5238,28.1,32.4,
A066,5,2020-10-02,4.1759,27.9,32.4,
A086,5,2020-10-02,4.9689,27.9,32.4,small abrasion 
A087,5,2020-10-02,5.1543,27.9,32.4,
A091,5,2020-10-02,5.0195,27.9,32.4,
A095,5,2020-10-02,4.8645,27.9,32.4,
A109,5,2020-10-02,4.8685,27.9,32.4,
A115,5,2020-10-02,3.6151,27.9,32.4,
A121,5,2020-10-02,7.0625,27.9,32.4,
A154,5,2020-10-02,4.8332,27.9,32.4,
A160,5,2020-10-02,4.6596,27.8,32.4,
A166,5,2020-10-02,6.6734,27.8,32.4,
A180,5,2020-10-02,4.4169,27.8,32.4,
A181,5,2020-10-02,4.7514,27.8,32.4,
A189,5,2020-10-02,3.5094,27.8,32.4,
A200,5,2020-10-02,6.9211,27.8,32.4,
358,5,2020-10-02,2.6096,27.7,32.4,
217,6,2020-10-02,6.0099,27.6,32.4,
221,6,2020-10-02,3.3827,27.5,32.4,
224,6,2020-10-02,7.6024,27.5,32.4,
241,6,2020-10-02,8.4866,27.5,32.4,
244,6,2020-10-02,4.5783,27.5,32.4,
251,6,2020-10-02,5.4299,27.5,32.4,
274,6,2020-10-02,9.5051,27.6,32.4,
277,6,2020-10-02,5.1322,27.6,32.4,
288,6,2020-10-02,7.7762,27.6,32.4,
A003,6,2020-10-02,4.0931,27.6,32.4,
A016,6,2020-10-02,3.9187,27.6,32.4,
A020,6,2020-10-02,3.2401,27.6,32.4,
A032,6,2020-10-02,7.2222,27.6,32.4,
A044,6,2020-10-02,6.0975,27.6,32.4,
A050,6,2020-10-02,3.7324,27.6,32.4,
A059,6,2020-10-02,7.1632,27.6,32.4,
A082,6,2020-10-02,5.5585,27.6,32.4,
A090,6,2020-10-02,4.2953,27.6,32.4,
A096,6,2020-10-02,3.7495,27.4,32.4,
A098,6,2020-10-02,5.4129,27.4,32.4,
A112,6,2020-10-02,3.9838,27.4,32.4,
A122,6,2020-10-02,5.0876,27.4,32.4,
A123,6,2020-10-02,4.3402,27.4,32.4,
A128,6,2020-10-02,4.8624,27.4,32.4,
A132,6,2020-10-02,6.5071,27.4,32.4,
A173,6,2020-10-02,4.1899,27.4,32.4,
A174,6,2020-10-02,5.0719,27.4,32.4,
A177,6,2020-10-02,4.7438,27.4,32.4,
A178,6,2020-10-02,3.7079,27.4,32.4,
A194,6,2020-10-02,3.989,27.4,32.4,
A145,6,2020-10-02,NA,27.4,32.4,
410,6,2020-10-02,2.6465,27.6,32.4,
205,7,2020-10-02,7.5523,27,32.4,
220,7,2020-10-02,5.0614,27,32.4,
226,7,2020-10-02,3.037,27,32.4,
231,7,2020-10-02,5.0348,27,32.4,
247,7,2020-10-02,6.2413,27,32.4,
253,7,2020-10-02,11.8056,27,32.4,
262,7,2020-10-02,7.2888,27,32.4,
289,7,2020-10-02,11.4703,27,32.4,
291,7,2020-10-02,8.2881,27,32.4,
A001,7,2020-10-02,4.8982,27,32.4,
A007,7,2020-10-02,4.0116,27,32.4,
A009,7,2020-10-02,3.6966,27,32.4,
A019,7,2020-10-02,3.4906,27,32.4,
A022,7,2020-10-02,3.9727,27,32.4,
A024,7,2020-10-02,6.9393,27,32.4,
A048,7,2020-10-02,3.6233,27,32.4,
A051,7,2020-10-02,5.8229,27,32.4,
A061,7,2020-10-02,6.7343,27,32.4,
A067,7,2020-10-02,5.9606,27,32.4,
A075,7,2020-10-02,4.1345,27,32.4,
A077,7,2020-10-02,4.561,27,32.4,
A084,7,2020-10-02,5.3799,27,32.4,
A105,7,2020-10-02,4.4266,27,32.4,
A116,7,2020-10-02,4.3175,27,32.4,
A127,7,2020-10-02,4.9977,27,32.4,
A152,7,2020-10-02,8.0522,27,32.4,
A158,7,2020-10-02,5.4354,27,32.4,
A159,7,2020-10-02,4.5698,27,32.4,
A184,7,2020-10-02,4.5228,27,32.4,
A192,7,2020-10-02,3.8581,27,32.4,
A196,7,2020-10-02,3.4636,27,32.4,
211,8,2020-10-02,3.6832,26.9,32.4,
214,8,2020-10-02,5.1935,26.9,32.4,
222,8,2020-10-02,7.7041,26.9,32.4,
237,8,2020-10-02,8.3199,26.9,32.4,
238,8,2020-10-02,5.9564,26.9,32.4,
239,8,2020-10-02,4.8214,26.9,32.4,
270,8,2020-10-02,8.2824,26.9,32.4,
282,8,2020-10-02,6.9093,26.9,32.4,
296,8,2020-10-02,10.6745,26.9,32.4,
A010,8,2020-10-02,,26.8,32.4,
A029,8,2020-10-02,7.0284,26.8,32.4,
A038,8,2020-10-02,3.8806,26.8,32.4,
A041,8,2020-10-02,7.4414,26.8,32.4,
A052,8,2020-10-02,3.8861,26.8,32.4,
A060,8,2020-10-02,5.9216,26.8,32.4,
A072,8,2020-10-02,4.6672,26.8,32.4,
A078,8,2020-10-02,5.5887,26.8,32.4,
A083,8,2020-10-02,4.286,26.8,32.4,
A097,8,2020-10-02,5.5408,26.8,32.4,
A101,8,2020-10-02,4.0984,26.8,32.4,
A111,8,2020-10-02,6.3108,26.8,32.4,
A114,8,2020-10-02,4.1149,26.9,32.4,
A131,8,2020-10-02,5.0406,26.9,32.4,
A134,8,2020-10-02,4.7228,26.9,32.4,
A157,8,2020-10-02,5.2433,26.8,32.4,
A161,8,2020-10-02,6.3489,26.8,32.4,
A165,8,2020-10-02,4.5026,26.8,32.4,
A183,8,2020-10-02,4.8387,26.8,32.4,
A185,8,2020-10-02,3.6739,26.8,32.4,
A188,8,2020-10-02,4.0218,26.8,32.4,
