Tank,Trial,Date Set,Time Set,Date Measured,Time measured,Low: Set to (mL/min),High: Set to (mL/min),Average: Set to (mL/min),Time0,Minutes,Hours,Low: Flow Rate: Labview,High: Flow Rate: Labview,Average: Flow Rate Labview,Low: mL/min Decline: Labview,Low: % Decline: Labview,High: mL/min decline: Labview,High: % Decline: Labview,Average: mL/min Decline Labview,Average: % Decline Labview,15 sec. volume,Actual Set to (mL/min),Flow rate: actual,Actual decline (mL/min),Actual decline (%),Actual vs mean Labview (mL-min),% error Labreview,umol_added,umol_loss ,umol_net,Concentration_Change
1,1,6/30/2020,11:18,6/30/2020,12:04:00,130.286,152,141.14,0.03,46.0000000000007,0.77,130.286,130.286,130.286,0.00,0.00,-21.71,-14.29,-10.86,-7.69,36,144,144,0,0.00,13.71,1.98,1569.0,-66.2,1502.8,10.0
1,1,6/30/2020,11:18,6/30/2020,13:03,130.286,152,141.14,0.07,105.000000000001,1.75,108.571,130.286,119.4285,-21.72,-16.67,-21.71,-14.29,-21.71,-15.38,35,144,140,-4,-2.78,20.57,-0.82,88.5,-82.8,1508.5,10.1
1,1,6/30/2020,11:18,6/30/2020,14:02,130.286,152,141.14,0.11,164,2.73,108.571,108.571,108.571,-21.72,-16.67,-43.43,-28.57,-32.57,-23.08,33,144,132,-12,-8.33,23.43,-6.93,88.5,-78.3,1518.7,10.1
1,1,6/30/2020,11:18,6/30/2020,15:01,130.286,152,141.14,0.15,223,3.72,86.8571,108.571,97.71405,-43.43,-33.33,-43.43,-28.57,-43.43,-30.77,33,144,132,-12,-8.33,34.29,-6.93,88.5,-78.9,1528.3,10.2
1,1,6/30/2020,11:18,6/30/2020,16:00,130.286,152,141.14,0.20,282.000000000001,4.70,86.8571,108.571,97.71405,-43.43,-33.33,-43.43,-28.57,-43.43,-30.77,33,144,132,-12,-8.33,34.29,-6.93,88.5,-79.4,1537.5,10.2
1,1,6/30/2020,11:18,6/30/2020,17:00,130.286,152,141.14,0.24,342,5.70,86.8571,108.571,97.71405,-43.43,-33.33,-43.43,-28.57,-43.43,-30.77,33,144,132,-12,-8.33,34.29,-6.93,90.0,-81.2,1546.3,10.3
1,1,6/30/2020,11:18,6/30/2020,18:00,130.286,152,141.14,0.28,402.000000000001,6.70,86.8571,108.571,97.71405,-43.43,-33.33,-43.43,-28.57,-43.43,-30.77,33,144,132,-12,-8.33,34.29,-6.93,90.0,-81.6,1554.7,10.4
1,1,6/30/2020,11:18,7/1/2020,7:56,130.286,152,141.14,0.86,1238,20.63,43.4286,65.1429,54.28575,-86.86,-66.67,-86.86,-57.14,-86.86,-61.54,28,144,112,-32,-22.22,57.71,-26.02,1254.0,-970.4,1838.2,12.3
2,1,6/30/2020,11:22,6/30/2020,12:07,149.334,168,158.67,0.03,45.0000000000001,0.75,149.334,168,158.667,0.00,0.00,0.00,0.00,0.00,0.00,40,160,160,0,0.00,1.33,0.83,1567.5,-72.0,1495.5,10.0
2,1,6/30/2020,11:22,6/30/2020,13:05,149.334,168,158.67,0.07,103,1.72,149.334,168,158.667,0.00,0.00,0.00,0.00,0.00,0.00,40,160,160,0,0.00,1.33,0.83,87.0,-92.5,1490.0,9.9
2,1,6/30/2020,11:22,6/30/2020,14:04,149.334,168,158.67,0.11,162,2.70,130.667,149.334,140.0005,-18.67,-12.50,-18.67,-11.11,-18.67,-11.76,38,160,152,-8,-5.00,12.00,-4.39,88.5,-89.1,1489.4,9.9
2,1,6/30/2020,11:22,6/30/2020,15:03,149.334,168,158.67,0.15,221,3.68,130.667,149.334,140.0005,-18.67,-12.50,-18.67,-11.11,-18.67,-11.76,38,160,152,-8,-5.00,12.00,-4.39,88.5,-89.0,1488.9,9.9
2,1,6/30/2020,11:22,6/30/2020,16:02,149.334,168,158.67,0.19,279.999999999999,4.67,130.567,149.334,139.9505,-18.77,-12.57,-18.67,-11.11,-18.72,-11.80,37,160,148,-12,-7.50,8.05,-7.21,88.5,-86.7,1490.7,9.9
2,1,6/30/2020,11:22,6/30/2020,17:02,149.334,168,158.67,0.24,340,5.67,112,130.667,121.3335,-37.33,-25.00,-37.33,-22.22,-37.33,-23.53,36,160,144,-16,-10.00,22.67,-10.19,90.0,-85.9,1494.8,10.0
2,1,6/30/2020,11:22,6/30/2020,18:02,149.334,168,158.67,0.28,400,6.67,112,130.667,121.3335,-37.33,-25.00,-37.33,-22.22,-37.33,-23.53,35,160,140,-20,-12.50,18.67,-13.33,90.0,-83.7,1501.1,10.0
2,1,6/30/2020,11:22,7/1/2020,7:58,149.334,168,158.67,0.86,1236,20.60,74.6668,93.3334,84.0001,-74.67,-50.00,-74.67,-44.44,-74.67,-47.06,31,160,124,-36,-22.50,40.00,-27.96,1254.0,-1037.4,1717.7,11.5
3,1,6/30/2020,11:22,6/30/2020,12:10,126.857,148,137.43,0.03,47.9999999999996,0.80,126.857,126.857,126.857,0.00,0.00,-21.14,-14.29,-10.57,-7.69,37,148,148,0,0.00,21.14,7.14,1572.0,-71.0,1501.0,10.0
3,1,6/30/2020,11:22,6/30/2020,13:08,126.857,148,137.43,0.07,106,1.77,105.715,126.857,116.286,-21.14,-16.67,-21.14,-14.29,-21.14,-15.38,36,148,144,-4,-2.70,27.71,4.56,87.0,-83.6,1504.4,10.0
3,1,6/30/2020,11:22,6/30/2020,14:08,126.857,148,137.43,0.12,166,2.77,84.5717,105.715,95.14335,-42.29,-33.33,-42.29,-28.57,-42.29,-30.77,34,148,136,-12,-8.11,40.86,-1.05,90.0,-81.8,1512.5,10.1
3,1,6/30/2020,11:22,6/30/2020,15:05,126.857,148,137.43,0.15,223,3.72,84.5717,105.715,95.14335,-42.29,-33.33,-42.29,-28.57,-42.29,-30.77,34,148,136,-12,-8.11,40.86,-1.05,85.5,-78.2,1519.9,10.1
3,1,6/30/2020,11:22,6/30/2020,16:06,126.857,148,137.43,0.20,284,4.73,84.5717,105.715,95.14335,-42.29,-33.33,-42.29,-28.57,-42.29,-30.77,33,148,132,-16,-10.81,36.86,-4.11,91.5,-81.6,1529.8,10.2
3,1,6/30/2020,11:22,6/30/2020,17:04,126.857,148,137.43,0.24,342,5.70,84.5717,84.5717,84.5717,-42.29,-33.33,-63.43,-42.86,-52.86,-38.46,33,148,132,-16,-10.81,47.43,-4.11,87.0,-78.1,1538.7,10.3
3,1,6/30/2020,11:22,6/30/2020,18:03,126.857,148,137.43,0.28,401,6.68,63.4287,84.5717,74.0002,-63.43,-50.00,-63.43,-42.86,-63.43,-46.15,31,148,124,-24,-16.22,50.00,-10.83,88.5,-75.0,1552.2,10.3
3,1,6/30/2020,11:22,7/1/2020,8:01,126.857,148,137.43,0.86,1239,20.65,0,0,0,-126.86,-100.00,-148.00,-100.00,-137.43,-100.00,22,148,88,-60,-40.54,88.00,-56.17,1257.0,-763.1,2046.1,13.6
4,1,6/30/2020,11:24,6/30/2020,12:13,152,152,152.00,0.03,49.0000000000003,0.82,130.286,152,141.143,-21.71,-14.29,0.00,0.00,-10.86,-7.14,36,144,144,0,0.00,2.86,-5.56,1573.5,-70.6,1502.9,10.0
4,1,6/30/2020,11:24,6/30/2020,13:12,152,152,152.00,0.08,108,1.80,130.286,130.286,130.286,-21.71,-14.29,-21.71,-14.29,-21.71,-14.29,36,144,144,0,0.00,13.71,-5.56,88.5,-85.1,1506.3,10.0
4,1,6/30/2020,11:24,6/30/2020,14:11,152,152,152.00,0.12,167,2.78,130.286,152,141.143,-21.71,-14.29,0.00,0.00,-10.86,-7.14,35,144,140,-4,-2.78,-1.14,-8.57,88.5,-82.9,1511.9,10.1
4,1,6/30/2020,11:24,6/30/2020,15:07,152,152,152.00,0.15,223,3.72,130.286,130.286,130.286,-21.71,-14.29,-21.71,-14.29,-21.71,-14.29,36,144,144,0,0.00,13.71,-5.56,84.0,-81.3,1514.6,10.1
4,1,6/30/2020,11:24,6/30/2020,16:08,152,152,152.00,0.20,284,4.73,130.286,130.286,130.286,-21.71,-14.29,-21.71,-14.29,-21.71,-14.29,35,144,140,-4,-2.78,9.71,-8.57,91.5,-86.2,1519.9,10.1
4,1,6/30/2020,11:24,6/30/2020,17:06,152,152,152.00,0.24,342,5.70,108.571,130.286,119.4285,-43.43,-28.57,-21.71,-14.29,-32.57,-21.43,34,144,136,-8,-5.56,16.57,-11.76,87.0,-79.9,1526.9,10.2
4,1,6/30/2020,11:24,6/30/2020,18:05,152,152,152.00,0.28,401,6.68,108.571,130.286,119.4285,-43.43,-28.57,-21.71,-14.29,-32.57,-21.43,34,144,136,-8,-5.56,16.57,-11.76,88.5,-81.7,1533.8,10.2
4,1,6/30/2020,11:24,7/1/2020,8:03,152,152,152.00,0.86,1239,20.65,65.1429,86.8571,76,-86.86,-57.14,-65.14,-42.86,-76.00,-50.00,30,144,120,-24,-16.67,44.00,-26.67,1257.0,-1028.2,1762.5,11.8
5,1,6/30/2020,11:25,6/30/2020,12:16,144,160,152.00,0.04,51.0000000000005,0.85,128,144,136,-16.00,-11.11,-16.00,-10.00,-16.00,-10.53,42,168,168,0,0.00,32.00,9.52,1576.5,-85.7,1490.8,9.9
5,1,6/30/2020,11:25,6/30/2020,13:14,144,160,152.00,0.08,109.000000000001,1.82,112,128,120,-32.00,-22.22,-32.00,-20.00,-32.00,-21.05,40,168,160,-8,-4.76,40.00,5.00,87.0,-92.2,1485.6,9.9
5,1,6/30/2020,11:25,6/30/2020,14:14,144,160,152.00,0.12,169.000000000001,2.82,112,128,120,-32.00,-22.22,-32.00,-20.00,-32.00,-21.05,40,168,160,-8,-4.76,40.00,5.00,90.0,-95.1,1480.5,9.9
5,1,6/30/2020,11:25,6/30/2020,15:09,144,160,152.00,0.16,224.000000000001,3.73,96,112,104,-48.00,-33.33,-48.00,-30.00,-48.00,-31.58,37,168,148,-20,-11.90,44.00,-2.70,82.5,-80.3,1482.7,9.9
5,1,6/30/2020,11:25,6/30/2020,16:11,144,160,152.00,0.20,286.000000000001,4.77,80,96,88,-64.00,-44.44,-64.00,-40.00,-64.00,-42.11,37,168,148,-20,-11.90,60.00,-2.70,93.0,-90.7,1485.0,9.9
5,1,6/30/2020,11:25,6/30/2020,17:08,144,160,152.00,0.24,343.000000000001,5.72,96,112,104,-48.00,-33.33,-48.00,-30.00,-48.00,-31.58,38,168,152,-16,-9.52,48.00,0.00,85.5,-85.8,1484.7,9.9
5,1,6/30/2020,11:25,6/30/2020,18:06,144,160,152.00,0.28,401.000000000001,6.68,80,96,88,-64.00,-44.44,-64.00,-40.00,-64.00,-42.11,36,168,144,-24,-14.29,56.00,-5.56,87.0,-82.7,1489.0,9.9
5,1,6/30/2020,11:25,7/1/2020,8:05,144,160,152.00,0.86,1240,20.67,0,16,8,-144.00,-100.00,-144.00,-90.00,-144.00,-94.74,29,168,116,-52,-30.95,108.00,-31.03,1258.5,-966.1,1781.4,11.9
6,1,6/30/2020,11:26,6/30/2020,12:20,148,148,148.00,0.04,54,0.90,73.9998,98.6664,86.3331,-74.00,-50.00,-49.33,-33.33,-61.67,-41.67,34,136,136,0,0.00,49.67,-8.82,1581.0,-73.4,1507.6,10.1
6,1,6/30/2020,11:26,6/30/2020,13:17,148,148,148.00,0.08,111,1.85,49.3332,73.9998,61.6665,-98.67,-66.67,-74.00,-50.00,-86.33,-58.33,31,136,124,-12,-8.82,62.33,-19.35,85.5,-71.0,1522.0,10.1
6,1,6/30/2020,11:26,6/30/2020,14:17,148,148,148.00,0.12,171,2.85,24.6666,49.3332,36.9999,-123.33,-83.33,-98.67,-66.67,-111.00,-75.00,30,136,120,-16,-11.76,83.00,-23.33,90.0,-73.1,1539.0,10.3
6,1,6/30/2020,11:26,6/30/2020,15:11,148,148,148.00,0.16,225,3.75,0,49.3332,24.6666,-148.00,-100.00,-98.67,-66.67,-123.33,-83.33,29,136,116,-20,-14.71,91.33,-27.59,81.0,-64.3,1555.7,10.4
6,1,6/30/2020,11:26,6/30/2020,16:13,148,148,148.00,0.20,286.999999999999,4.78,0,24.6666,12.3333,-148.00,-100.00,-123.33,-83.33,-135.67,-91.67,29,136,116,-20,-14.71,103.67,-27.59,93.0,-74.6,1574.1,10.5
6,1,6/30/2020,11:26,6/30/2020,17:09,148,148,148.00,0.24,342.999999999999,5.72,0,24.6666,12.3333,-148.00,-100.00,-123.33,-83.33,-135.67,-91.67,29,136,116,-20,-14.71,103.67,-27.59,84.0,-68.2,1589.9,10.6
6,1,6/30/2020,11:26,6/30/2020,18:07,148,148,148.00,0.28,401,6.68,0,24.6666,12.3333,-148.00,-100.00,-123.33,-83.33,-135.67,-91.67,27,136,108,-28,-20.59,95.67,-37.04,87.0,-66.4,1610.5,10.7
6,1,6/30/2020,11:26,7/1/2020,8:06,148,148,148.00,0.86,1240,20.67,0,0,0,-148.00,-100.00,-148.00,-100.00,-148.00,-100.00,27,136,108,-28,-20.59,108.00,-37.04,1258.5,-972.9,1896.1,12.6
7,1,6/30/2020,11:27,6/30/2020,12:36,156,175.5,165.75,0.05,69.0000000000005,1.15,136.5,156,146.25,-19.50,-12.50,-19.50,-11.11,-19.50,-11.76,41,164,164,0,0.00,17.75,-1.07,1603.5,-113.2,1490.3,9.9
7,1,6/30/2020,11:27,6/30/2020,13:20,156,175.5,165.75,0.08,113.000000000001,1.88,136.5,156,146.25,-19.50,-12.50,-19.50,-11.11,-19.50,-11.76,39,164,156,-8,-4.88,9.75,-6.25,66.0,-68.2,1488.1,9.9
7,1,6/30/2020,11:27,6/30/2020,14:20,156,175.5,165.75,0.12,173,2.88,117,136.5,126.75,-39.00,-25.00,-39.00,-22.22,-39.00,-23.53,37,164,148,-16,-9.76,21.25,-11.99,90.0,-88.1,1490.0,9.9
7,1,6/30/2020,11:27,6/30/2020,15:12,156,175.5,165.75,0.16,225,3.75,117,136.5,126.75,-39.00,-25.00,-39.00,-22.22,-39.00,-23.53,36,164,144,-20,-12.20,17.25,-15.10,78.0,-74.4,1493.7,10.0
7,1,6/30/2020,11:27,6/30/2020,16:14,156,175.5,165.75,0.20,287.000000000001,4.78,97.5,117,107.25,-58.50,-37.50,-58.50,-33.33,-58.50,-35.29,35,164,140,-24,-14.63,32.75,-18.39,93.0,-86.4,1500.2,10.0
7,1,6/30/2020,11:27,6/30/2020,17:11,156,175.5,165.75,0.24,344,5.73,97.5,97.5,97.5,-58.50,-37.50,-78.00,-44.44,-68.25,-41.18,34,164,136,-28,-17.07,38.50,-21.88,85.5,-77.5,1508.2,10.1
7,1,6/30/2020,11:27,6/30/2020,18:09,156,175.5,165.75,0.28,402.000000000001,6.70,97.5,97.5,97.5,-58.50,-37.50,-78.00,-44.44,-68.25,-41.18,34,164,136,-28,-17.07,38.50,-21.88,87.0,-79.3,1515.9,10.1
7,1,6/30/2020,11:27,7/1/2020,8:08,156,175.5,165.75,0.86,1241,20.68,0,0,0,-156.00,-100.00,-175.50,-100.00,-165.75,-100.00,22,164,88,-76,-46.34,88.00,-88.35,1258.5,-746.1,2028.2,13.5
8,1,6/30/2020,11:29,6/30/2020,12:31,154.282,179.996,167.14,0.04,62.0000000000007,1.03,179.996,205.71,192.853,25.71,16.67,25.71,14.29,25.71,15.38,49,196,196,0,0.00,3.15,14.73,1593.0,-121.5,1471.5,9.8
8,1,6/30/2020,11:29,6/30/2020,13:23,154.282,179.996,167.14,0.08,114.000000000001,1.90,179.996,205.71,192.853,25.71,16.67,25.71,14.29,25.71,15.38,49,196,196,0,0.00,3.15,14.73,78.0,-100.0,1449.5,9.7
8,1,6/30/2020,11:29,6/30/2020,14:22,154.282,179.996,167.14,0.12,173,2.88,154.282,179.996,167.139,0.00,0.00,0.00,0.00,0.00,0.00,46,196,184,-12,-6.12,16.86,9.16,88.5,-104.9,1433.1,9.6
8,1,6/30/2020,11:29,6/30/2020,15:14,154.282,179.996,167.14,0.16,225,3.75,179.996,205.71,192.853,25.71,16.67,25.71,14.29,25.71,15.38,48,196,192,-4,-2.04,-0.85,12.95,78.0,-95.4,1415.7,9.4
8,1,6/30/2020,11:29,6/30/2020,16:16,154.282,179.996,167.14,0.20,287.000000000001,4.78,154.282,179.996,167.139,0.00,0.00,0.00,0.00,0.00,0.00,48,196,192,-4,-2.04,24.86,12.95,93.0,-112.4,1396.4,9.3
8,1,6/30/2020,11:29,6/30/2020,17:13,154.282,179.996,167.14,0.24,344,5.73,154.282,179.9996,167.1408,0.00,0.00,0.00,0.00,0.00,0.00,46,196,184,-12,-6.12,16.86,9.16,85.5,-97.6,1384.2,9.2
8,1,6/30/2020,11:29,6/30/2020,18:11,154.282,179.996,167.14,0.28,402.000000000001,6.70,128.568,154.282,141.425,-25.71,-16.67,-25.71,-14.29,-25.71,-15.38,44,196,176,-20,-10.20,34.58,5.03,87.0,-94.2,1377.0,9.2
8,1,6/30/2020,11:29,7/1/2020,8:10,154.282,179.996,167.14,0.86,1241,20.68,102.855,128.568,115.7115,-51.43,-33.33,-51.43,-28.57,-51.43,-30.77,38,196,152,-44,-22.45,36.29,-9.96,1258.5,-1170.7,1464.8,9.8
9,1,6/30/2020,11:30,6/30/2020,12:38,133.715,156,144.86,0.05,67.9999999999997,1.13,133.715,133.715,133.715,0.00,0.00,-22.29,-14.29,-11.14,-7.69,36,144,144,0,0.00,10.29,-0.60,1602.0,-97.9,1504.1,10.0
9,1,6/30/2020,11:30,6/30/2020,13:26,133.715,156,144.86,0.08,115.999999999999,1.93,133.715,133.715,133.715,0.00,0.00,-22.29,-14.29,-11.14,-7.69,36,144,144,0,0.00,10.29,-0.60,72.0,-69.3,1506.8,10.0
9,1,6/30/2020,11:30,6/30/2020,14:26,133.715,156,144.86,0.12,176,2.93,111.429,133.715,122.572,-22.29,-16.67,-22.29,-14.29,-22.29,-15.38,35,144,140,-4,-2.78,17.43,-3.47,90.0,-84.4,1512.4,10.1
9,1,6/30/2020,11:30,6/30/2020,15:17,133.715,156,144.86,0.16,226.999999999999,3.78,111.429,133.715,122.572,-22.29,-16.67,-22.29,-14.29,-22.29,-15.38,35,144,140,-4,-2.78,17.43,-3.47,76.5,-72.0,1516.9,10.1
9,1,6/30/2020,11:30,6/30/2020,16:19,133.715,156,144.86,0.20,288.999999999999,4.82,111.429,133.715,122.572,-22.29,-16.67,-22.29,-14.29,-22.29,-15.38,35,144,140,-4,-2.78,17.43,-3.47,93.0,-87.8,1522.1,10.1
9,1,6/30/2020,11:30,6/30/2020,17:16,133.715,156,144.86,0.24,345.999999999999,5.77,89.1431,111.429,100.28605,-44.57,-33.33,-44.57,-28.57,-44.57,-30.77,34,144,136,-8,-5.56,35.71,-6.51,85.5,-78.7,1529.0,10.2
9,1,6/30/2020,11:30,6/30/2020,18:13,133.715,156,144.86,0.28,403,6.72,89.1431,111.429,100.28605,-44.57,-33.33,-44.57,-28.57,-44.57,-30.77,33,144,132,-12,-8.33,31.71,-9.74,85.5,-76.7,1537.8,10.3
9,1,6/30/2020,11:30,7/1/2020,8:11,133.715,156,144.86,0.86,1241,20.68,44.5715,66.8573,55.7144,-89.14,-66.67,-89.14,-57.14,-89.14,-61.54,28,144,112,-32,-22.22,56.29,-29.34,1257.0,-962.2,1832.6,12.2
10,1,6/30/2020,11:38,6/30/2020,12:40,152,173.714,162.86,0.04,62.0000000000007,1.03,130.286,152,141.143,-21.71,-14.29,-21.71,-12.50,-21.71,-13.33,36,144,144,0,0.00,2.86,-13.10,1593.0,-89.3,1503.7,10.0
10,1,6/30/2020,11:38,6/30/2020,13:29,152,173.714,162.86,0.08,111.000000000001,1.85,130.286,152,141.143,-21.71,-14.29,-21.71,-12.50,-21.71,-13.33,35,144,140,-4,-2.78,-1.14,-16.33,73.5,-68.8,1508.4,10.1
10,1,6/30/2020,11:38,6/30/2020,14:28,152,173.714,162.86,0.12,170.000000000001,2.83,108.571,130.286,119.4285,-43.43,-28.57,-43.43,-25.00,-43.43,-26.67,35,144,140,-4,-2.78,20.57,-16.33,88.5,-83.1,1513.9,10.1
10,1,6/30/2020,11:38,6/30/2020,15:19,152,173.714,162.86,0.15,221,3.68,108.571,108.571,108.571,-43.43,-28.57,-65.14,-37.50,-54.29,-33.33,34,144,136,-8,-5.56,27.43,-19.75,76.5,-70.0,1520.4,10.1
10,1,6/30/2020,11:38,6/30/2020,16:21,152,173.714,162.86,0.20,283,4.72,108.571,130.286,119.4285,-43.43,-28.57,-43.43,-25.00,-43.43,-26.67,34,144,136,-8,-5.56,16.57,-19.75,93.0,-85.5,1527.9,10.2
10,1,6/30/2020,11:38,6/30/2020,17:18,152,173.714,162.86,0.24,340,5.67,86.8571,108.571,97.71405,-65.14,-42.86,-65.14,-37.50,-65.14,-40.00,33,144,132,-12,-8.33,34.29,-23.38,85.5,-76.6,1536.8,10.2
10,1,6/30/2020,11:38,6/30/2020,18:14,152,173.714,162.86,0.28,396,6.60,86.8571,86.8571,86.8571,-65.14,-42.86,-86.86,-50.00,-76.00,-46.67,31,144,124,-20,-13.89,37.14,-31.34,84.0,-71.1,1549.6,10.3
10,1,6/30/2020,11:38,7/1/2020,8:13,152,173.714,162.86,0.86,1235,20.58,0,21.71473,10.857365,-152.00,-100.00,-152.00,-87.50,-152.00,-93.33,23,144,92,-52,-36.11,81.14,-77.02,1258.5,-797.4,2010.7,13.4
11,1,6/30/2020,11:33,6/30/2020,12:44,156,156,156.00,0.05,71.0000000000005,1.18,111.428,133.714,122.571,-44.57,-28.57,-22.29,-14.29,-33.43,-21.43,35,140,140,0,0.00,17.43,-11.43,1606.5,-99.4,1507.1,10.0
11,1,6/30/2020,11:33,6/30/2020,13:32,156,156,156.00,0.08,119,1.98,111.428,133.714,122.571,-44.57,-28.57,-22.29,-14.29,-33.43,-21.43,34,140,136,-4,-2.86,13.43,-14.71,72.0,-65.6,1513.5,10.1
11,1,6/30/2020,11:33,6/30/2020,14:30,156,156,156.00,0.12,177.000000000001,2.95,19.1427,111.428,65.28535,-136.86,-87.73,-44.57,-28.57,-90.71,-58.15,33,140,132,-8,-5.71,66.71,-18.18,87.0,-77.2,1523.3,10.2
11,1,6/30/2020,11:33,6/30/2020,15:22,156,156,156.00,0.16,229,3.82,89.1427,111.428,100.28535,-66.86,-42.86,-44.57,-28.57,-55.71,-35.71,32,140,128,-12,-8.57,27.71,-21.88,78.0,-67.6,1533.7,10.2
11,1,6/30/2020,11:33,6/30/2020,16:23,156,156,156.00,0.20,290,4.83,89.1427,89.1427,89.1427,-66.86,-42.86,-66.86,-42.86,-66.86,-42.86,31,140,124,-16,-11.43,34.86,-25.81,91.5,-77.3,1547.8,10.3
11,1,6/30/2020,11:33,6/30/2020,17:20,156,156,156.00,0.24,347,5.78,44.5714,66.8571,55.71425,-111.43,-71.43,-89.14,-57.14,-100.29,-64.29,28,140,112,-28,-20.00,56.29,-39.29,85.5,-65.9,1567.5,10.4
11,1,6/30/2020,11:33,6/30/2020,18:16,156,156,156.00,0.28,403,6.72,22.2857,44.5714,33.42855,-133.71,-85.71,-111.43,-71.43,-122.57,-78.57,26,140,104,-36,-25.71,70.57,-50.00,84.0,-60.9,1590.6,10.6
11,1,6/30/2020,11:33,7/1/2020,8:14,156,156,156.00,0.86,1241,20.68,0,0,0,-156.00,-100.00,-156.00,-100.00,-156.00,-100.00,20,140,80,-60,-42.86,80.00,-95.00,1257.0,-710.9,2136.7,14.2
12,1,6/30/2020,11:41,6/30/2020,12:47,126.666,151.999,139.33,0.05,65.9999999999995,1.10,126.666,151.999,139.3325,0.00,0.00,0.00,0.00,0.00,0.00,36,144,144,0,0.00,4.67,3.24,1599.0,-95.0,1504.0,10.0
12,1,6/30/2020,11:41,6/30/2020,13:35,126.666,151.999,139.33,0.08,113.999999999999,1.90,126.666,126.666,126.666,0.00,0.00,-25.33,-16.67,-12.67,-9.09,35,144,140,-4,-2.78,13.33,0.48,72.0,-67.4,1508.6,10.1
12,1,6/30/2020,11:41,6/30/2020,14:32,126.666,151.999,139.33,0.12,170.999999999999,2.85,101.333,126.666,113.9995,-25.33,-20.00,-25.33,-16.67,-25.33,-18.18,35,144,140,-4,-2.78,26.00,0.48,85.5,-80.3,1513.8,10.1
12,1,6/30/2020,11:41,6/30/2020,15:24,126.666,151.999,139.33,0.15,223,3.72,101.333,126.666,113.9995,-25.33,-20.00,-25.33,-16.67,-25.33,-18.18,35,144,140,-4,-2.78,26.00,0.48,78.0,-73.5,1518.4,10.1
12,1,6/30/2020,11:41,6/30/2020,16:25,126.666,151.999,139.33,0.20,284,4.73,101.333,126.666,113.9995,-25.33,-20.00,-25.33,-16.67,-25.33,-18.18,34,144,136,-8,-5.56,22.00,-2.45,91.5,-84.0,1525.9,10.2
12,1,6/30/2020,11:41,6/30/2020,17:21,126.666,151.999,139.33,0.24,340,5.67,101.333,126.666,113.9995,-25.33,-20.00,-25.33,-16.67,-25.33,-18.18,33,144,132,-12,-8.33,18.00,-5.55,84.0,-75.2,1534.7,10.2
12,1,6/30/2020,11:41,6/30/2020,18:18,126.666,151.999,139.33,0.28,396.999999999999,6.62,101.333,126.666,113.9995,-25.33,-20.00,-25.33,-16.67,-25.33,-18.18,33,144,132,-12,-8.33,18.00,-5.55,85.5,-77.0,1543.2,10.3
12,1,6/30/2020,11:41,7/1/2020,8:15,126.666,151.999,139.33,0.86,1234,20.57,0,0,0,-126.67,-100.00,-152.00,-100.00,-139.33,-100.00,23,144,92,-52,-36.11,92.00,-51.45,1255.5,-792.2,2006.5,13.4
13,1,6/30/2020,11:42,6/30/2020,12:49,136.5,156,146.25,0.05,67.0000000000002,1.12,117,136.5,126.75,-19.50,-14.29,-19.50,-12.50,-19.50,-13.33,35,140,140,0,0.00,13.25,-4.46,1600.5,-93.8,1506.7,10.0
13,1,6/30/2020,11:42,6/30/2020,13:37,136.5,156,146.25,0.08,115,1.92,117,136.5,126.75,-19.50,-14.29,-19.50,-12.50,-19.50,-13.33,35,140,140,0,0.00,13.25,-4.46,72.0,-67.5,1511.2,10.1
13,1,6/30/2020,11:42,6/30/2020,14:36,136.5,156,146.25,0.12,174,2.90,117,117,117,-19.50,-14.29,-39.00,-25.00,-29.25,-20.00,35,140,140,0,0.00,23.00,-4.46,88.5,-83.2,1516.5,10.1
13,1,6/30/2020,11:42,6/30/2020,15:28,136.5,156,146.25,0.16,225.999999999999,3.77,117,117,117,-19.50,-14.29,-39.00,-25.00,-29.25,-20.00,35,140,140,0,0.00,23.00,-4.46,78.0,-73.6,1520.9,10.1
13,1,6/30/2020,11:42,6/30/2020,16:28,136.5,156,146.25,0.20,286,4.77,117,117,117,-19.50,-14.29,-39.00,-25.00,-29.25,-20.00,34,140,136,-4,-2.86,19.00,-7.54,90.0,-82.7,1528.1,10.2
13,1,6/30/2020,11:42,6/30/2020,17:24,136.5,156,146.25,0.24,342,5.70,117,117,117,-19.50,-14.29,-39.00,-25.00,-29.25,-20.00,34,140,136,-4,-2.86,19.00,-7.54,84.0,-77.6,1534.6,10.2
13,1,6/30/2020,11:42,6/30/2020,18:20,136.5,156,146.25,0.28,398,6.63,97.5,117,107.25,-39.00,-28.57,-39.00,-25.00,-39.00,-26.67,33,140,132,-8,-5.71,24.75,-10.80,84.0,-75.6,1542.9,10.3
13,1,6/30/2020,11:42,7/1/2020,8:17,136.5,156,146.25,0.86,1235,20.58,78,97.5,87.75,-58.50,-42.86,-58.50,-37.50,-58.50,-40.00,30,140,120,-20,-14.29,32.25,-21.88,1255.5,-1033.1,1765.3,11.8
14,1,6/30/2020,11:42,6/30/2020,12:51,120,144,132.00,0.05,69.0000000000006,1.15,96.0003,96.0003,96.0003,-24.00,-20.00,-48.00,-33.33,-36.00,-27.27,26,104,104,0,0.00,8.00,-26.92,1603.5,-71.8,1531.7,10.2
14,1,6/30/2020,11:42,6/30/2020,13:39,120,144,132.00,0.08,117,1.95,0,0,0,-120.00,-100.00,-144.00,-100.00,-132.00,-100.00,25,104,100,-4,-3.85,100.00,-32.00,72.0,-49.0,1554.7,10.4
14,1,6/30/2020,11:42,6/30/2020,14:38,120,144,132.00,0.12,176,2.93,0,0,0,-120.00,-100.00,-144.00,-100.00,-132.00,-100.00,25,104,100,-4,-3.85,100.00,-32.00,88.5,-61.2,1582.1,10.5
14,1,6/30/2020,11:42,6/30/2020,15:29,120,144,132.00,0.16,227,3.78,0,0,0,-120.00,-100.00,-144.00,-100.00,-132.00,-100.00,24,104,96,-8,-7.69,96.00,-37.50,76.5,-51.6,1606.9,10.7
14,1,6/30/2020,11:42,6/30/2020,16:29,120,144,132.00,0.20,287.000000000001,4.78,0,0,0,-120.00,-100.00,-144.00,-100.00,-132.00,-100.00,24,104,96,-8,-7.69,96.00,-37.50,90.0,-61.7,1635.2,10.9
14,1,6/30/2020,11:42,6/30/2020,17:26,120,144,132.00,0.24,344,5.73,0,0,0,-120.00,-100.00,-144.00,-100.00,-132.00,-100.00,23,104,92,-12,-11.54,92.00,-43.48,85.5,-57.2,1663.6,11.1
14,1,6/30/2020,11:42,6/30/2020,18:21,120,144,132.00,0.28,399,6.65,0,0,0,-120.00,-100.00,-144.00,-100.00,-132.00,-100.00,23,104,92,-12,-11.54,92.00,-43.48,82.5,-56.1,1689.9,11.3
14,1,6/30/2020,11:42,7/1/2020,8:19,120,144,132.00,0.86,1237,20.62,0,0,0,-120.00,-100.00,-144.00,-100.00,-132.00,-100.00,20,104,80,-24,-23.08,80.00,-65.00,1257.0,-755.3,2191.7,14.6
15,1,6/30/2020,11:44,6/30/2020,12:54,152,173.714,162.86,0.05,69.9999999999997,1.17,152,173.714,162.857,0.00,0.00,0.00,0.00,0.00,0.00,40,160,160,0,0.00,-2.86,-1.79,1605.0,-112.0,1493.0,10.0
15,1,6/30/2020,11:44,6/30/2020,13:45,152,173.714,162.86,0.08,121,2.02,152,173.714,162.857,0.00,0.00,0.00,0.00,0.00,0.00,40,160,160,0,0.00,-2.86,-1.79,76.5,-81.2,1488.3,9.9
15,1,6/30/2020,11:44,6/30/2020,14:39,152,173.714,162.86,0.12,175,2.92,152,173.714,162.857,0.00,0.00,0.00,0.00,0.00,0.00,40,160,160,0,0.00,-2.86,-1.79,81.0,-85.7,1483.6,9.9
15,1,6/30/2020,11:44,6/30/2020,15:30,152,173.714,162.86,0.16,225.999999999999,3.77,152,173.714,162.857,0.00,0.00,0.00,0.00,0.00,0.00,40,160,160,0,0.00,-2.86,-1.79,76.5,-80.7,1479.4,9.9
15,1,6/30/2020,11:44,6/30/2020,16:31,152,173.714,162.86,0.20,286.999999999999,4.78,152,173.714,162.857,0.00,0.00,0.00,0.00,0.00,0.00,40,160,160,0,0.00,-2.86,-1.79,91.5,-96.3,1474.6,9.8
15,1,6/30/2020,11:44,6/30/2020,17:27,152,173.714,162.86,0.24,342.999999999999,5.72,152,173.714,162.857,0.00,0.00,0.00,0.00,0.00,0.00,40,160,160,0,0.00,-2.86,-1.79,84.0,-88.1,1470.5,9.8
15,1,6/30/2020,11:44,6/30/2020,18:23,152,173.714,162.86,0.28,399,6.65,152,173.714,162.857,0.00,0.00,0.00,0.00,0.00,0.00,40,160,160,0,0.00,-2.86,-1.79,84.0,-87.8,1466.7,9.8
15,1,6/30/2020,11:44,7/1/2020,8:21,152,173.714,162.86,0.86,1237,20.62,152,152,152,0.00,0.00,-21.71,-12.50,-10.86,-6.67,38,160,152,-8,-5.00,0.00,-7.14,1257.0,-1245.5,1478.2,9.9
16,1,6/30/2020,11:43,6/30/2020,12:57,152,152,152.00,0.05,74.0000000000002,1.23,130.285,130.285,130.285,-21.72,-14.29,-21.72,-14.29,-21.72,-14.29,33,132,132,0,0.00,1.72,-15.15,1611.0,-97.7,1513.3,10.1
16,1,6/30/2020,11:43,6/30/2020,13:48,152,152,152.00,0.09,125.000000000001,2.08,108.571,108.571,108.571,-43.43,-28.57,-43.43,-28.57,-43.43,-28.57,30,132,120,-12,-9.09,11.43,-26.67,76.5,-61.7,1528.1,10.2
16,1,6/30/2020,11:43,6/30/2020,14:42,152,152,152.00,0.12,179.000000000001,2.98,65.1427,85.8569,75.4998,-86.86,-57.14,-66.14,-43.52,-76.50,-50.33,26,132,104,-28,-21.21,28.50,-46.15,81.0,-57.2,1551.9,10.3
16,1,6/30/2020,11:43,6/30/2020,15:32,152,152,152.00,0.16,229,3.82,43.4285,65.1427,54.2856,-108.57,-71.43,-86.86,-57.14,-97.71,-64.29,24,132,96,-36,-27.27,41.71,-58.33,75.0,-49.7,1577.2,10.5
16,1,6/30/2020,11:43,6/30/2020,16:33,152,152,152.00,0.20,290,4.83,0,0,0,-152.00,-100.00,-152.00,-100.00,-152.00,-100.00,22,132,88,-44,-33.33,88.00,-72.73,91.5,-56.4,1612.3,10.7
16,1,6/30/2020,11:43,6/30/2020,17:30,152,152,152.00,0.24,347.000000000001,5.78,0,0,0,-152.00,-100.00,-152.00,-100.00,-152.00,-100.00,19,132,76,-56,-42.42,76.00,-100.00,85.5,-46.6,1651.2,11.0
16,1,6/30/2020,11:43,6/30/2020,18:25,152,152,152.00,0.28,402.000000000001,6.70,0,0,0,-152.00,-100.00,-152.00,-100.00,-152.00,-100.00,18,132,72,-60,-45.45,72.00,-111.11,82.5,-43.6,1690.1,11.3
16,1,6/30/2020,11:43,7/1/2020,8:22,152,152,152.00,0.86,1239,20.65,0,0,0,-152.00,-100.00,-152.00,-100.00,-152.00,-100.00,10,132,40,-92,-69.70,40.00,-280.00,1255.5,-377.2,2568.4,17.1
1,2,7/1/2020,9:48,7/1/2020,10:22,148,169.143,158.57,0.02,33.9999999999998,0.57,148,169.143,158.5715,0.00,0.00,0.00,0.00,0.00,0.00,40,160,160,0,0.00,1.43,0.89,1551.0,-54.4,1496.6,10.0
1,2,7/1/2020,9:48,7/1/2020,11:11,148,169.143,158.57,0.06,83.0000000000002,1.38,148,169.143,158.5715,0.00,0.00,0.00,0.00,0.00,0.00,39,160,156,-4,-2.50,-2.57,-1.65,73.5,-76.3,1493.8,10.0
1,2,7/1/2020,9:48,7/1/2020,12:00,148,169.143,158.57,0.09,132,2.20,148,148,148,0.00,0.00,-21.14,-12.50,-10.57,-6.67,39,160,156,-4,-2.50,8.00,-1.65,73.5,-76.1,1491.2,9.9
1,2,7/1/2020,9:48,7/1/2020,13:00,148,169.143,158.57,0.13,192.000000000001,3.20,126.857,148,137.4285,-21.14,-14.29,-21.14,-12.50,-21.14,-13.33,36,160,144,-16,-10.00,6.57,-10.12,90.0,-85.9,1495.3,10.0
1,2,7/1/2020,9:48,7/1/2020,14:15,148,169.143,158.57,0.19,267.000000000001,4.45,105.714,126.857,116.2855,-42.29,-28.57,-42.29,-25.00,-42.29,-26.67,36,160,144,-16,-10.00,27.71,-10.12,112.5,-107.7,1500.2,10.0
1,2,7/1/2020,9:48,7/1/2020,15:04,148,169.143,158.57,0.22,316.000000000001,5.27,105.714,126.857,116.2855,-42.29,-28.57,-42.29,-25.00,-42.29,-26.67,36,160,144,-16,-10.00,27.71,-10.12,73.5,-70.6,1503.1,10.0
1,2,7/1/2020,9:48,7/1/2020,16:00,148,169.143,158.57,0.26,372.000000000001,6.20,126.857,148,137.4285,-21.14,-14.29,-21.14,-12.50,-21.14,-13.33,37,160,148,-12,-7.50,10.57,-7.14,84.0,-83.1,1504.0,10.0
1,2,7/1/2020,9:48,7/1/2020,17:00,148,169.143,158.57,0.30,432,7.20,126.857,148,137.4285,-21.14,-14.29,-21.14,-12.50,-21.14,-13.33,37,160,148,-12,-7.50,10.57,-7.14,90.0,-89.0,1505.0,10.0
1,2,7/1/2020,9:48,7/1/2020,18:00,148,169.143,158.57,0.34,492.000000000001,8.20,126.857,148,137.4285,-21.14,-14.29,-21.14,-12.50,-21.14,-13.33,37,160,148,-12,-7.50,10.57,-7.14,90.0,-89.1,1505.9,10.0
1,2,7/1/2020,9:48,7/2/2020,8:00,148,169.143,158.57,0.93,1332,22.20,63.4286,84.5714,74,-84.57,-57.14,-84.57,-50.00,-84.57,-53.33,31,160,124,-36,-22.50,50.00,-27.88,1260.0,-1045.7,1720.2,11.5
2,2,7/1/2020,9:49,7/1/2020,10:23,136.5,155.999,146.25,0.02,33.9999999999998,0.57,136.5,155.999,146.2495,0.00,0.00,0.00,0.00,0.00,0.00,38,152,152,0,0.00,5.75,3.78,1551.0,-51.7,1499.3,10.0
2,2,7/1/2020,9:49,7/1/2020,11:13,136.5,155.999,146.25,0.06,83.9999999999995,1.40,136.5,155.999,146.2495,0.00,0.00,0.00,0.00,0.00,0.00,38,152,152,0,0.00,5.75,3.78,75.0,-76.0,1498.4,10.0
2,2,7/1/2020,9:49,7/1/2020,12:01,136.5,155.999,146.25,0.09,131.999999999999,2.20,117,136.5,126.75,-19.50,-14.29,-19.50,-12.50,-19.50,-13.33,37,152,148,-4,-2.63,21.25,1.18,72.0,-71.0,1499.4,10.0
2,2,7/1/2020,9:49,7/1/2020,13:01,136.5,155.999,146.25,0.13,192,3.20,136.5,136.5,136.5,0.00,0.00,-19.50,-12.50,-9.75,-6.67,37,152,148,-4,-2.63,11.50,1.18,90.0,-88.8,1500.6,10.0
2,2,7/1/2020,9:49,7/1/2020,14:16,136.5,155.999,146.25,0.19,266.999999999999,4.45,117,136.5,126.75,-19.50,-14.29,-19.50,-12.50,-19.50,-13.33,37,152,148,-4,-2.63,21.25,1.18,112.5,-111.0,1502.1,10.0
2,2,7/1/2020,9:49,7/1/2020,15:06,136.5,155.999,146.25,0.22,317,5.28,117,136.5,126.75,-19.50,-14.29,-19.50,-12.50,-19.50,-13.33,35,152,140,-12,-7.89,13.25,-4.46,75.0,-70.1,1507.0,10.0
2,2,7/1/2020,9:49,7/1/2020,16:02,136.5,155.999,146.25,0.26,372.999999999999,6.22,97.4997,117,107.24985,-39.00,-28.57,-39.00,-25.00,-39.00,-26.67,35,152,140,-12,-7.89,32.75,-4.46,84.0,-78.8,1512.2,10.1
2,2,7/1/2020,9:49,7/1/2020,17:01,136.5,155.999,146.25,0.30,432,7.20,97.4997,117,107.24985,-39.00,-28.57,-39.00,-25.00,-39.00,-26.67,35,152,140,-12,-7.89,32.75,-4.46,88.5,-83.3,1517.4,10.1
2,2,7/1/2020,9:49,7/1/2020,18:02,136.5,155.999,146.25,0.34,493,8.22,97.4997,117,107.24985,-39.00,-28.57,-39.00,-25.00,-39.00,-26.67,35,152,140,-12,-7.89,32.75,-4.46,91.5,-86.4,1522.6,10.2
2,2,7/1/2020,9:49,7/2/2020,8:02,136.5,155.999,146.25,0.93,1333,22.22,58.4998,77.9997,68.24975,-78.00,-57.14,-78.00,-50.00,-78.00,-53.33,30,152,120,-32,-21.05,51.75,-21.87,1260.0,-1023.2,1759.4,11.7
3,2,7/1/2020,9:49,7/1/2020,10:25,130.286,152,141.14,0.03,36,0.60,130.286,152,141.143,0.00,0.00,0.00,0.00,0.00,0.00,38,152,152,0,0.00,10.86,7.14,1554.0,-54.7,1499.3,10.0
3,2,7/1/2020,9:49,7/1/2020,11:14,130.286,152,141.14,0.06,85.0000000000003,1.42,108.572,130.286,119.429,-21.71,-16.67,-21.71,-14.29,-21.71,-15.38,38,152,152,0,0.00,32.57,7.14,73.5,-74.4,1498.3,10.0
3,2,7/1/2020,9:49,7/1/2020,12:03,130.286,152,141.14,0.09,133.999999999999,2.23,108.572,130.286,119.429,-21.71,-16.67,-21.71,-14.29,-21.71,-15.38,37,152,148,-4,-2.63,28.57,4.63,73.5,-72.4,1499.4,10.0
3,2,7/1/2020,9:49,7/1/2020,13:03,130.286,152,141.14,0.13,194,3.23,108.572,108.572,108.572,-21.71,-16.67,-43.43,-28.57,-32.57,-23.08,35,152,140,-12,-7.89,31.43,-0.82,90.0,-84.0,1505.4,10.0
3,2,7/1/2020,9:49,7/1/2020,14:18,130.286,152,141.14,0.19,268.999999999999,4.48,86.8574,108.572,97.7147,-43.43,-33.33,-43.43,-28.57,-43.43,-30.77,33,152,132,-20,-13.16,34.29,-6.93,112.5,-99.4,1518.6,10.1
3,2,7/1/2020,9:49,7/1/2020,15:07,130.286,152,141.14,0.22,318,5.30,86.8574,108.572,97.7147,-43.43,-33.33,-43.43,-28.57,-43.43,-30.77,35,152,140,-12,-7.89,42.29,-0.82,73.5,-69.4,1522.6,10.2
3,2,7/1/2020,9:49,7/1/2020,16:03,130.286,152,141.14,0.26,374,6.23,86.8574,86.8574,86.8574,-43.43,-33.33,-65.14,-42.86,-54.29,-38.46,33,152,132,-20,-13.16,45.14,-6.93,84.0,-75.0,1531.6,10.2
3,2,7/1/2020,9:49,7/1/2020,17:03,130.286,152,141.14,0.30,434,7.23,86.8574,86.8574,86.8574,-43.43,-33.33,-65.14,-42.86,-54.29,-38.46,33,152,132,-20,-13.16,45.14,-6.93,90.0,-80.9,1540.7,10.3
3,2,7/1/2020,9:49,7/1/2020,18:04,130.286,152,141.14,0.34,495,8.25,65.143,86.8574,76.0002,-65.14,-50.00,-65.14,-42.86,-65.14,-46.15,32,152,128,-24,-15.79,52.00,-10.27,91.5,-80.2,1552.0,10.3
3,2,7/1/2020,9:49,7/2/2020,8:04,130.286,152,141.14,0.93,1335,22.25,0,0,0,-130.29,-100.00,-152.00,-100.00,-141.14,-100.00,21,152,84,-68,-44.74,84.00,-68.03,1260.0,-730.1,2081.9,13.9
4,2,7/1/2020,9:50,7/1/2020,10:27,130.286,152,141.14,0.03,37.0000000000008,0.62,130.286,152,141.143,0.00,0.00,0.00,0.00,0.00,0.00,36,144,144,0,0.00,2.86,1.98,1555.5,-53.3,1502.2,10.0
4,2,7/1/2020,9:50,7/1/2020,11:16,130.286,152,141.14,0.06,85.9999999999997,1.43,130.286,152,141.143,0.00,0.00,0.00,0.00,0.00,0.00,36,144,144,0,0.00,2.86,1.98,73.5,-70.7,1505.1,10.0
4,2,7/1/2020,9:50,7/1/2020,12:05,130.286,152,141.14,0.09,135,2.25,130.286,130.286,130.286,0.00,0.00,-21.71,-14.29,-10.86,-7.69,35,144,140,-4,-2.78,9.71,-0.82,73.5,-68.8,1509.7,10.1
4,2,7/1/2020,9:50,7/1/2020,13:04,130.286,152,141.14,0.13,194,3.23,108.571,108.571,108.571,-21.72,-16.67,-43.43,-28.57,-32.57,-23.08,34,144,136,-8,-5.56,27.43,-3.78,88.5,-80.8,1517.5,10.1
4,2,7/1/2020,9:50,7/1/2020,14:21,130.286,152,141.14,0.19,271.000000000001,4.52,108.571,108.571,108.571,-21.72,-16.67,-43.43,-28.57,-32.57,-23.08,35,144,140,-4,-2.78,31.43,-0.82,115.5,-109.1,1523.9,10.2
4,2,7/1/2020,9:50,7/1/2020,15:10,130.286,152,141.14,0.22,320,5.33,86.8571,108.571,97.71405,-43.43,-33.33,-43.43,-28.57,-43.43,-30.77,32,144,128,-16,-11.11,30.29,-10.27,73.5,-63.7,1533.7,10.2
4,2,7/1/2020,9:50,7/1/2020,16:11,130.286,152,141.14,0.26,381.000000000001,6.35,86.8571,108.571,97.71405,-43.43,-33.33,-43.43,-28.57,-43.43,-30.77,31,144,124,-20,-13.89,26.29,-13.83,91.5,-77.3,1547.9,10.3
4,2,7/1/2020,9:50,7/1/2020,17:04,130.286,152,141.14,0.30,434,7.23,86.8571,108.571,97.71405,-43.43,-33.33,-43.43,-28.57,-43.43,-30.77,31,144,124,-20,-13.89,26.29,-13.83,79.5,-67.8,1559.5,10.4
4,2,7/1/2020,9:50,7/1/2020,18:05,130.286,152,141.14,0.34,495,8.25,65.1429,86.8571,76,-65.14,-50.00,-65.14,-42.86,-65.14,-46.15,31,144,124,-20,-13.89,48.00,-13.83,91.5,-78.6,1572.4,10.5
4,2,7/1/2020,9:50,7/2/2020,8:06,130.286,152,141.14,0.93,1336,22.27,0,0,0,-130.29,-100.00,-152.00,-100.00,-141.14,-100.00,24,144,96,-48,-33.33,96.00,-47.02,1261.5,-846.3,1987.6,13.3
5,2,7/1/2020,9:55,7/1/2020,10:28,133.778,152.889,143.33,0.02,33.0000000000005,0.55,133.778,133.778,133.778,0.00,0.00,-19.11,-12.50,-9.56,-6.67,36,144,144,0,0.00,10.22,0.46,1549.5,-47.5,1502.0,10.0
5,2,7/1/2020,9:55,7/1/2020,11:18,133.778,152.889,143.33,0.06,83.0000000000002,1.38,114.667,133.778,124.2225,-19.11,-14.29,-19.11,-12.50,-19.11,-13.33,37,144,148,4,2.78,23.78,3.15,75.0,-74.1,1502.9,10.0
5,2,7/1/2020,9:55,7/1/2020,12:07,133.778,152.889,143.33,0.09,132.000000000001,2.20,95.5556,114.667,105.1113,-38.22,-28.57,-38.22,-25.00,-38.22,-26.67,36,144,144,0,0.00,38.89,0.46,73.5,-70.7,1505.7,10.0
5,2,7/1/2020,9:55,7/1/2020,13:05,133.778,152.889,143.33,0.13,190.000000000001,3.17,95.5556,114.667,105.1113,-38.22,-28.57,-38.22,-25.00,-38.22,-26.67,36,144,144,0,0.00,38.89,0.46,87.0,-83.8,1508.9,10.1
5,2,7/1/2020,9:55,7/1/2020,14:23,133.778,152.889,143.33,0.19,268.000000000001,4.47,76.4444,95.5556,86,-57.33,-42.86,-57.33,-37.50,-57.33,-40.00,31,144,124,-20,-13.89,38.00,-15.59,117.0,-97.3,1528.6,10.2
5,2,7/1/2020,9:55,7/1/2020,15:11,133.778,152.889,143.33,0.22,316.000000000001,5.27,76.4444,95.5556,86,-57.33,-42.86,-57.33,-37.50,-57.33,-40.00,33,144,132,-12,-8.33,46.00,-8.59,72.0,-64.6,1536.0,10.2
5,2,7/1/2020,9:55,7/1/2020,16:13,133.778,152.889,143.33,0.26,378,6.30,57.3333,76.4444,66.88885,-76.44,-57.14,-76.44,-50.00,-76.44,-53.33,31,144,124,-20,-13.89,57.11,-15.59,93.0,-78.7,1550.3,10.3
5,2,7/1/2020,9:55,7/1/2020,17:05,133.778,152.889,143.33,0.30,430.000000000001,7.17,38.2222,57.3333,47.77775,-95.56,-71.43,-95.56,-62.50,-95.56,-66.67,31,144,124,-20,-13.89,76.22,-15.59,78.0,-66.6,1561.6,10.4
5,2,7/1/2020,9:55,7/1/2020,18:06,133.778,152.889,143.33,0.34,491.000000000001,8.18,38.2222,57.3333,47.77775,-95.56,-71.43,-95.56,-62.50,-95.56,-66.67,30,144,120,-24,-16.67,72.22,-19.44,91.5,-76.2,1576.9,10.5
5,2,7/1/2020,9:55,7/2/2020,8:09,133.778,152.889,143.33,0.93,1334,22.23,0,0,0,-133.78,-100.00,-152.89,-100.00,-143.33,-100.00,24,144,96,-48,-33.33,96.00,-49.31,1264.5,-850.8,1990.6,13.3
6,2,7/1/2020,9:54,7/1/2020,10:30,133.33,159.996,146.66,0.03,36,0.60,106.664,133.33,119.997,-26.67,-20.00,-26.67,-16.67,-26.67,-18.18,37,148,148,0,0.00,28.00,0.90,1554.0,-53.3,1500.7,10.0
6,2,7/1/2020,9:54,7/1/2020,11:20,133.33,159.996,146.66,0.06,85.9999999999997,1.43,79.9978,106.664,93.3309,-53.33,-40.00,-53.33,-33.33,-53.33,-36.36,34,148,136,-12,-8.11,42.67,-7.84,75.0,-68.0,1507.7,10.1
6,2,7/1/2020,9:54,7/1/2020,12:09,133.33,159.996,146.66,0.09,135,2.25,79.9978,106.664,93.3309,-53.33,-40.00,-53.33,-33.33,-53.33,-36.36,33,148,132,-16,-10.81,38.67,-11.11,73.5,-65.0,1516.2,10.1
6,2,7/1/2020,9:54,7/1/2020,13:07,133.33,159.996,146.66,0.13,193,3.22,53.3319,79.9978,66.66485,-80.00,-60.00,-80.00,-50.00,-80.00,-54.55,32,148,128,-20,-13.51,61.34,-14.58,87.0,-75.0,1528.1,10.2
6,2,7/1/2020,9:54,7/1/2020,14:25,133.33,159.996,146.66,0.19,270.999999999999,4.52,26.6659,53.3319,39.9989,-106.66,-80.00,-106.66,-66.67,-106.66,-72.73,33,148,132,-16,-10.81,92.00,-11.11,117.0,-104.9,1540.2,10.3
6,2,7/1/2020,9:54,7/1/2020,15:13,133.33,159.996,146.66,0.22,319,5.32,26.6659,53.3319,39.9989,-106.66,-80.00,-106.66,-66.67,-106.66,-72.73,29,148,116,-32,-21.62,76.00,-26.43,72.0,-57.2,1555.1,10.4
6,2,7/1/2020,9:54,7/1/2020,16:14,133.33,159.996,146.66,0.26,380,6.33,0,53.3319,26.66595,-133.33,-100.00,-106.66,-66.67,-120.00,-81.82,29,148,116,-32,-21.62,89.33,-26.43,91.5,-73.4,1573.2,10.5
6,2,7/1/2020,9:54,7/1/2020,17:07,133.33,159.996,146.66,0.30,433,7.22,0,26.6659,13.33295,-133.33,-100.00,-133.33,-83.33,-133.33,-90.91,28,148,112,-36,-24.32,98.67,-30.95,79.5,-62.3,1590.5,10.6
6,2,7/1/2020,9:54,7/1/2020,18:08,133.33,159.996,146.66,0.34,494.000000000001,8.23,0,0,0,-133.33,-100.00,-160.00,-100.00,-146.66,-100.00,27,148,108,-40,-27.03,108.00,-35.80,91.5,-69.9,1612.1,10.7
6,2,7/1/2020,9:54,7/2/2020,8:11,133.33,159.996,146.66,0.93,1337,22.28,0,0,0,-133.33,-100.00,-160.00,-100.00,-146.66,-100.00,17,148,68,-80,-54.05,68.00,-115.68,1264.5,-616.1,2260.5,15.1
7,2,7/1/2020,9:58,7/1/2020,10:32,120,140,130.00,0.02,33.9999999999999,0.57,120,120,120,0.00,0.00,-20.00,-14.29,-10.00,-7.69,35,140,140,0,0.00,20.00,7.14,1551.0,-47.6,1503.4,10.0
7,2,7/1/2020,9:58,7/1/2020,11:22,120,140,130.00,0.06,83.9999999999995,1.40,100,120,110,-20.00,-16.67,-20.00,-14.29,-20.00,-15.38,35,140,140,0,0.00,30.00,7.14,75.0,-70.2,1508.2,10.1
7,2,7/1/2020,9:58,7/1/2020,12:12,120,140,130.00,0.09,133.999999999999,2.23,100,120,110,-20.00,-16.67,-20.00,-14.29,-20.00,-15.38,35,140,140,0,0.00,30.00,7.14,75.0,-70.4,1512.9,10.1
7,2,7/1/2020,9:58,7/1/2020,13:09,120,140,130.00,0.13,191,3.18,100,100,100,-20.00,-16.67,-40.00,-28.57,-30.00,-23.08,35,140,140,0,0.00,40.00,7.14,85.5,-80.5,1517.9,10.1
7,2,7/1/2020,9:58,7/1/2020,14:28,120,140,130.00,0.19,270,4.50,80,80,80,-40.00,-33.33,-60.00,-42.86,-50.00,-38.46,32,140,128,-12,-8.57,48.00,-1.56,118.5,-102.3,1534.0,10.2
7,2,7/1/2020,9:58,7/1/2020,15:16,120,140,130.00,0.22,318,5.30,80,100,90,-40.00,-33.33,-40.00,-28.57,-40.00,-30.77,32,140,128,-12,-8.57,38.00,-1.56,72.0,-62.8,1543.2,10.3
7,2,7/1/2020,9:58,7/1/2020,16:20,120,140,130.00,0.27,382,6.37,60,80,70,-60.00,-50.00,-60.00,-42.86,-60.00,-46.15,32,140,128,-12,-8.57,58.00,-1.56,96.0,-84.3,1554.9,10.4
7,2,7/1/2020,9:58,7/1/2020,17:08,120,140,130.00,0.30,430,7.17,60,80,70,-60.00,-50.00,-60.00,-42.86,-60.00,-46.15,31,140,124,-16,-11.43,54.00,-4.84,72.0,-61.7,1565.2,10.4
7,2,7/1/2020,9:58,7/1/2020,18:09,120,140,130.00,0.34,491,8.18,60,80,70,-60.00,-50.00,-60.00,-42.86,-60.00,-46.15,31,140,124,-16,-11.43,54.00,-4.84,91.5,-78.9,1577.8,10.5
7,2,7/1/2020,9:58,7/2/2020,8:13,120,140,130.00,0.93,1335,22.25,0,0,0,-120.00,-100.00,-140.00,-100.00,-130.00,-100.00,34,140,136,-4,-2.86,136.00,4.41,1266.0,-1207.4,1636.4,10.9
8,2,7/1/2020,10:05,7/1/2020,10:34,136.667,164,150.33,0.02,29.0000000000002,0.48,136.667,164,150.3335,0.00,0.00,0.00,0.00,0.00,0.00,42,168,168,0,0.00,17.67,10.52,1543.5,-48.7,1494.8,10.0
8,2,7/1/2020,10:05,7/1/2020,11:24,136.667,164,150.33,0.05,78.9999999999999,1.32,109.333,136.667,123,-27.33,-20.00,-27.33,-16.67,-27.33,-18.18,39,168,156,-12,-7.14,33.00,3.63,75.0,-77.7,1492.1,9.9
8,2,7/1/2020,10:05,7/1/2020,12:15,136.667,164,150.33,0.09,130,2.17,109.333,136.667,123,-27.33,-20.00,-27.33,-16.67,-27.33,-18.18,39,168,156,-12,-7.14,33.00,3.63,76.5,-79.1,1489.4,9.9
8,2,7/1/2020,10:05,7/1/2020,13:11,136.667,164,150.33,0.13,186.000000000001,3.10,82.0001,109.333,95.66655,-54.67,-40.00,-54.67,-33.33,-54.67,-36.36,37,168,148,-20,-11.90,52.33,-1.58,84.0,-82.3,1491.1,9.9
8,2,7/1/2020,10:05,7/1/2020,14:31,136.667,164,150.33,0.18,266,4.43,0,0,0,-136.67,-100.00,-164.00,-100.00,-150.33,-100.00,35,168,140,-28,-16.67,140.00,-7.38,120.0,-111.3,1499.8,10.0
8,2,7/1/2020,10:05,7/1/2020,15:18,136.667,164,150.33,0.22,313,5.22,0,0,0,-136.67,-100.00,-164.00,-100.00,-150.33,-100.00,32,168,128,-40,-23.81,128.00,-17.45,70.5,-60.2,1510.1,10.1
8,2,7/1/2020,10:05,7/1/2020,16:26,136.667,164,150.33,0.26,381,6.35,0,0,0,-136.67,-100.00,-164.00,-100.00,-150.33,-100.00,29,168,116,-52,-30.95,116.00,-29.60,102.0,-79.4,1532.7,10.2
8,2,7/1/2020,10:05,7/1/2020,17:11,136.667,164,150.33,0.30,426,7.10,0,0,0,-136.67,-100.00,-164.00,-100.00,-150.33,-100.00,28,168,112,-56,-33.33,112.00,-34.23,67.5,-51.5,1548.7,10.3
8,2,7/1/2020,10:05,7/1/2020,18:11,136.667,164,150.33,0.34,486,8.10,0,0,0,-136.67,-100.00,-164.00,-100.00,-150.33,-100.00,28,168,112,-56,-33.33,112.00,-34.23,90.0,-69.4,1569.3,10.5
8,2,7/1/2020,10:05,7/2/2020,8:14,136.667,164,150.33,0.92,1329,22.15,0,0,0,-136.67,-100.00,-164.00,-100.00,-150.33,-100.00,24,168,96,-72,-42.86,96.00,-56.60,1264.5,-846.7,1987.1,13.2
9,2,7/1/2020,10:05,7/1/2020,10:38,148,148,148.00,0.02,33.0000000000005,0.55,126.857,148,137.4285,-21.14,-14.29,0.00,0.00,-10.57,-7.14,37,148,148,0,0.00,10.57,0.00,1549.5,-48.8,1500.7,10.0
9,2,7/1/2020,10:05,7/1/2020,11:26,148,148,148.00,0.06,81,1.35,126.857,148,137.4285,-21.14,-14.29,0.00,0.00,-10.57,-7.14,37,148,148,0,0.00,10.57,0.00,72.0,-71.1,1501.6,10.0
9,2,7/1/2020,10:05,7/1/2020,12:18,148,148,148.00,0.09,133,2.22,126.857,148,137.4285,-21.14,-14.29,0.00,0.00,-10.57,-7.14,37,148,148,0,0.00,10.57,0.00,78.0,-77.0,1502.5,10.0
9,2,7/1/2020,10:05,7/1/2020,13:13,148,148,148.00,0.13,187.999999999999,3.13,126.857,126.857,126.857,-21.14,-14.29,-21.14,-14.29,-21.14,-14.29,36,148,144,-4,-2.70,17.14,-2.78,82.5,-79.3,1505.7,10.0
9,2,7/1/2020,10:05,7/1/2020,14:32,148,148,148.00,0.19,266.999999999999,4.45,105.715,126.857,116.286,-42.29,-28.57,-21.14,-14.29,-31.71,-21.43,35,148,140,-8,-5.41,23.71,-5.71,118.5,-111.0,1513.2,10.1
9,2,7/1/2020,10:05,7/1/2020,15:20,148,148,148.00,0.22,315,5.25,105.715,126.857,116.286,-42.29,-28.57,-21.14,-14.29,-31.71,-21.43,34,148,136,-12,-8.11,19.71,-8.82,72.0,-65.9,1519.3,10.1
9,2,7/1/2020,10:05,7/1/2020,16:28,148,148,148.00,0.27,383,6.38,84.5716,105.715,95.1433,-63.43,-42.86,-42.29,-28.57,-52.86,-35.71,34,148,136,-12,-8.11,40.86,-8.82,102.0,-93.7,1527.7,10.2
9,2,7/1/2020,10:05,7/1/2020,17:14,148,148,148.00,0.30,429,7.15,84.5716,105.715,95.1433,-63.43,-42.86,-42.29,-28.57,-52.86,-35.71,33,148,132,-16,-10.81,36.86,-12.12,69.0,-61.8,1534.8,10.2
9,2,7/1/2020,10:05,7/1/2020,18:12,148,148,148.00,0.34,486.999999999999,8.12,84.5716,105.715,95.1433,-63.43,-42.86,-42.29,-28.57,-52.86,-35.71,33,148,132,-16,-10.81,36.86,-12.12,87.0,-78.3,1543.5,10.3
9,2,7/1/2020,10:05,7/2/2020,8:16,148,148,148.00,0.92,1331,22.18,63.4287,84.5716,74.00015,-84.57,-57.14,-63.43,-42.86,-74.00,-50.00,31,148,124,-24,-16.22,50.00,-19.35,1266.0,-1076.9,1732.6,11.6
10,2,7/1/2020,10:07,7/1/2020,10:41,130.286,152,141.14,0.02,33.9999999999998,0.57,130.286,130.286,130.286,0.00,0.00,-21.71,-14.29,-10.86,-7.69,35,140,140,0,0.00,9.71,-0.82,1551.0,-47.6,1503.4,10.0
10,2,7/1/2020,10:07,7/1/2020,11:27,130.286,152,141.14,0.06,79.9999999999992,1.33,108.571,130.286,119.4285,-21.72,-16.67,-21.71,-14.29,-21.71,-15.38,34,140,136,-4,-2.86,16.57,-3.78,69.0,-62.7,1509.7,10.1
10,2,7/1/2020,10:07,7/1/2020,12:20,130.286,152,141.14,0.09,133,2.22,86.8571,108.571,97.71405,-43.43,-33.33,-43.43,-28.57,-43.43,-30.77,33,140,132,-8,-5.71,34.29,-6.93,79.5,-70.4,1518.8,10.1
10,2,7/1/2020,10:07,7/1/2020,13:14,130.286,152,141.14,0.13,187,3.12,86.8571,108.571,97.71405,-43.43,-33.33,-43.43,-28.57,-43.43,-30.77,32,140,128,-12,-8.57,30.29,-10.27,81.0,-70.0,1529.8,10.2
10,2,7/1/2020,10:07,7/1/2020,14:35,130.286,152,141.14,0.19,268,4.47,86.8571,108.571,97.71405,-43.43,-33.33,-43.43,-28.57,-43.43,-30.77,32,140,128,-12,-8.57,30.29,-10.27,121.5,-105.7,1545.6,10.3
10,2,7/1/2020,10:07,7/1/2020,15:21,130.286,152,141.14,0.22,313.999999999999,5.23,65.1429,86.8571,76,-65.14,-50.00,-65.14,-42.86,-65.14,-46.15,30,140,120,-20,-14.29,44.00,-17.62,69.0,-56.9,1557.7,10.4
10,2,7/1/2020,10:07,7/1/2020,16:32,130.286,152,141.14,0.27,385,6.42,65.1429,86.8571,76,-65.14,-50.00,-65.14,-42.86,-65.14,-46.15,30,140,120,-20,-14.29,44.00,-17.62,106.5,-88.5,1575.7,10.5
10,2,7/1/2020,10:07,7/1/2020,17:15,130.286,152,141.14,0.30,428,7.13,65.1429,86.8571,76,-65.14,-50.00,-65.14,-42.86,-65.14,-46.15,31,140,124,-16,-11.43,48.00,-13.83,64.5,-56.0,1584.2,10.6
10,2,7/1/2020,10:07,7/1/2020,18:14,130.286,152,141.14,0.34,486.999999999999,8.12,65.1429,86.8571,76,-65.14,-50.00,-65.14,-42.86,-65.14,-46.15,31,140,124,-16,-11.43,48.00,-13.83,88.5,-77.3,1595.4,10.6
10,2,7/1/2020,10:07,7/2/2020,8:17,130.286,152,141.14,0.92,1330,22.17,0,0,0,-130.29,-100.00,-152.00,-100.00,-141.14,-100.00,23,140,92,-48,-34.29,92.00,-53.42,1264.5,-824.9,2035.0,13.6
11,2,7/1/2020,10:06,7/1/2020,10:42,126.857,148,137.43,0.03,36,0.60,126.857,148,137.4285,0.00,0.00,0.00,0.00,0.00,0.00,35,140,140,0,0.00,2.57,1.84,1554.0,-50.4,1503.6,10.0
11,2,7/1/2020,10:06,7/1/2020,11:28,126.857,148,137.43,0.06,82.0000000000008,1.37,105.714,126.857,116.2855,-21.14,-16.67,-21.14,-14.29,-21.14,-15.38,34,140,136,-4,-2.86,19.71,-1.05,69.0,-62.7,1509.9,10.1
11,2,7/1/2020,10:06,7/1/2020,12:23,126.857,148,137.43,0.10,137,2.28,105.714,126.714,116.214,-21.14,-16.67,-21.29,-14.38,-21.21,-15.44,33,140,132,-8,-5.71,15.79,-4.11,82.5,-73.1,1519.3,10.1
11,2,7/1/2020,10:06,7/1/2020,13:15,126.857,148,137.43,0.13,189,3.15,84.5713,105.714,95.14265,-42.29,-33.33,-42.29,-28.57,-42.29,-30.77,33,140,132,-8,-5.71,36.86,-4.11,78.0,-69.5,1527.8,10.2
11,2,7/1/2020,10:06,7/1/2020,14:37,126.857,148,137.43,0.19,271.000000000001,4.52,84.5713,105.714,95.14265,-42.29,-33.33,-42.29,-28.57,-42.29,-30.77,32,140,128,-12,-8.57,32.86,-7.37,123.0,-106.9,1543.9,10.3
11,2,7/1/2020,10:06,7/1/2020,15:23,126.857,148,137.43,0.22,317,5.28,105.714,126.857,116.2855,-21.14,-16.67,-21.14,-14.29,-21.14,-15.38,33,140,132,-8,-5.71,15.71,-4.11,69.0,-62.5,1550.4,10.3
11,2,7/1/2020,10:06,7/1/2020,16:34,126.857,148,137.43,0.27,388.000000000001,6.47,105.714,126.857,116.2855,-21.14,-16.67,-21.14,-14.29,-21.14,-15.38,34,140,136,-4,-2.86,19.71,-1.05,106.5,-99.8,1557.1,10.4
11,2,7/1/2020,10:06,7/1/2020,17:19,126.857,148,137.43,0.30,433.000000000001,7.22,105.714,126.857,116.2855,-21.14,-16.67,-21.14,-14.29,-21.14,-15.38,34,140,136,-4,-2.86,19.71,-1.05,67.5,-63.5,1561.1,10.4
11,2,7/1/2020,10:06,7/1/2020,18:16,126.857,148,137.43,0.34,490,8.17,105.714,126.857,116.2855,-21.14,-16.67,-21.14,-14.29,-21.14,-15.38,34,140,136,-4,-2.86,19.71,-1.05,85.5,-80.7,1565.9,10.4
11,2,7/1/2020,10:06,7/2/2020,8:19,126.857,148,137.43,0.93,1333,22.22,63.4285,84.5713,73.9999,-63.43,-50.00,-63.43,-42.86,-63.43,-46.15,31,140,124,-16,-11.43,50.00,-10.83,1264.5,-1091.2,1739.1,11.6
12,2,7/1/2020,10:15,7/1/2020,10:44,120.001,144.001,132.00,0.02,29.0000000000002,0.48,120.001,144.001,132.001,0.00,0.00,0.00,0.00,0.00,0.00,36,144,144,0,0.00,12.00,8.33,1543.5,-41.8,1501.7,10.0
12,2,7/1/2020,10:15,7/1/2020,11:30,120.001,144.001,132.00,0.05,75.000000000001,1.25,120.001,120.001,120.001,0.00,0.00,-24.00,-16.67,-12.00,-9.09,35,144,140,-4,-2.78,20.00,5.71,69.0,-64.5,1506.3,10.0
12,2,7/1/2020,10:15,7/1/2020,12:25,120.001,144.001,132.00,0.09,130,2.17,96.0006,120.001,108.0008,-24.00,-20.00,-24.00,-16.67,-24.00,-18.18,33,144,132,-12,-8.33,24.00,0.00,82.5,-72.9,1515.9,10.1
12,2,7/1/2020,10:15,7/1/2020,13:18,120.001,144.001,132.00,0.13,183.000000000001,3.05,96.0006,120.001,108.0008,-24.00,-20.00,-24.00,-16.67,-24.00,-18.18,33,144,132,-12,-8.33,24.00,0.00,79.5,-70.7,1524.7,10.2
12,2,7/1/2020,10:15,7/1/2020,14:38,120.001,144.001,132.00,0.18,263,4.38,72.0005,96.0006,84.00055,-48.00,-40.00,-48.00,-33.33,-48.00,-36.36,32,144,128,-16,-11.11,44.00,-3.13,120.0,-104.1,1540.6,10.3
12,2,7/1/2020,10:15,7/1/2020,15:25,120.001,144.001,132.00,0.22,310,5.17,72.0005,96.0006,84.00055,-48.00,-40.00,-48.00,-33.33,-48.00,-36.36,31,144,124,-20,-13.89,40.00,-6.45,70.5,-59.9,1551.2,10.3
12,2,7/1/2020,10:15,7/1/2020,16:37,120.001,144.001,132.00,0.27,382,6.37,48.0003,72.0005,60.0004,-72.00,-60.00,-72.00,-50.00,-72.00,-54.55,29,144,116,-28,-19.44,56.00,-13.79,108.0,-86.4,1572.8,10.5
12,2,7/1/2020,10:15,7/1/2020,17:21,120.001,144.001,132.00,0.30,426.000000000001,7.10,48.0003,72.0005,60.0004,-72.00,-60.00,-72.00,-50.00,-72.00,-54.55,29,144,116,-28,-19.44,56.00,-13.79,66.0,-53.5,1585.3,10.6
12,2,7/1/2020,10:15,7/1/2020,18:17,120.001,144.001,132.00,0.33,482,8.03,48.0003,72.0005,60.0004,-72.00,-60.00,-72.00,-50.00,-72.00,-54.55,29,144,116,-28,-19.44,56.00,-13.79,84.0,-68.7,1600.7,10.7
12,2,7/1/2020,10:15,7/2/2020,8:20,120.001,144.001,132.00,0.92,1325,22.08,0,0,0,-120.00,-100.00,-144.00,-100.00,-132.00,-100.00,24,144,96,-48,-33.33,96.00,-37.50,1264.5,-863.6,2001.6,13.3
13,2,7/1/2020,10:08,7/1/2020,10:46,140,140,140.00,0.03,38.0000000000001,0.63,120,140,130,-20.00,-14.29,0.00,0.00,-10.00,-7.14,36,144,144,0,0.00,14.00,2.78,1557.0,-54.7,1502.3,10.0
13,2,7/1/2020,10:08,7/1/2020,11:33,140,140,140.00,0.06,85.0000000000003,1.42,120,140,130,-20.00,-14.29,0.00,0.00,-10.00,-7.14,36,144,144,0,0.00,14.00,2.78,70.5,-67.8,1505.0,10.0
13,2,7/1/2020,10:08,7/1/2020,12:27,140,140,140.00,0.10,139,2.32,120,140,130,-20.00,-14.29,0.00,0.00,-10.00,-7.14,36,144,144,0,0.00,14.00,2.78,81.0,-78.0,1508.0,10.1
13,2,7/1/2020,10:08,7/1/2020,13:20,140,140,140.00,0.13,192.000000000001,3.20,120,120,120,-20.00,-14.29,-20.00,-14.29,-20.00,-14.29,36,144,144,0,0.00,24.00,2.78,79.5,-76.7,1510.8,10.1
13,2,7/1/2020,10:08,7/1/2020,14:39,140,140,140.00,0.19,271.000000000001,4.52,100,120,110,-40.00,-28.57,-20.00,-14.29,-30.00,-21.43,33,144,132,-12,-8.33,22.00,-6.06,118.5,-105.0,1524.2,10.2
13,2,7/1/2020,10:08,7/1/2020,15:29,140,140,140.00,0.22,321.000000000001,5.35,100,120,110,-40.00,-28.57,-20.00,-14.29,-30.00,-21.43,33,144,132,-12,-8.33,22.00,-6.06,75.0,-67.1,1532.2,10.2
13,2,7/1/2020,10:08,7/1/2020,16:38,140,140,140.00,0.27,390.000000000001,6.50,100,120,110,-40.00,-28.57,-20.00,-14.29,-30.00,-21.43,33,144,132,-12,-8.33,22.00,-6.06,103.5,-93.0,1542.6,10.3
13,2,7/1/2020,10:08,7/1/2020,17:23,140,140,140.00,0.30,435.000000000001,7.25,100,120,110,-40.00,-28.57,-20.00,-14.29,-30.00,-21.43,32,144,128,-16,-11.11,18.00,-9.38,67.5,-59.2,1550.9,10.3
13,2,7/1/2020,10:08,7/1/2020,18:19,140,140,140.00,0.34,491,8.18,100,120,110,-40.00,-28.57,-20.00,-14.29,-30.00,-21.43,32,144,128,-16,-11.11,18.00,-9.38,84.0,-74.1,1560.8,10.4
13,2,7/1/2020,10:08,7/2/2020,8:22,140,140,140.00,0.93,1334,22.23,80,100,90,-60.00,-42.86,-40.00,-28.57,-50.00,-35.71,30,144,120,-24,-16.67,30.00,-16.67,1264.5,-1052.6,1772.7,11.8
14,2,7/1/2020,10:15,7/1/2020,10:48,136,158.667,147.33,0.02,33.0000000000005,0.55,136,158.667,147.3335,0.00,0.00,0.00,0.00,0.00,0.00,37,148,148,0,0.00,0.67,0.45,1549.5,-48.8,1500.7,10.0
14,2,7/1/2020,10:15,7/1/2020,11:35,136,158.667,147.33,0.06,80.0000000000007,1.33,113.334,136,124.667,-22.67,-16.67,-22.67,-14.29,-22.67,-15.38,36,148,144,-4,-2.70,19.33,-2.31,70.5,-67.7,1503.5,10.0
14,2,7/1/2020,10:15,7/1/2020,12:28,136,158.667,147.33,0.09,133,2.22,113.334,136,124.667,-22.67,-16.67,-22.67,-14.29,-22.67,-15.38,35,148,140,-8,-5.41,15.33,-5.24,79.5,-74.4,1508.6,10.1
14,2,7/1/2020,10:15,7/1/2020,13:22,136,158.667,147.33,0.13,187,3.12,113.334,113.334,113.334,-22.67,-16.67,-45.33,-28.57,-34.00,-23.08,35,148,140,-8,-5.41,26.67,-5.24,81.0,-76.0,1513.5,10.1
14,2,7/1/2020,10:15,7/1/2020,14:45,136,158.667,147.33,0.19,270,4.50,90.6669,113.334,102.00045,-45.33,-33.33,-45.33,-28.57,-45.33,-30.77,34,148,136,-12,-8.11,34.00,-8.33,124.5,-113.9,1524.1,10.2
14,2,7/1/2020,10:15,7/1/2020,15:31,136,158.667,147.33,0.22,316.000000000001,5.27,90.6669,113.334,102.00045,-45.33,-33.33,-45.33,-28.57,-45.33,-30.77,35,148,140,-8,-5.41,38.00,-5.24,69.0,-65.4,1527.7,10.2
14,2,7/1/2020,10:15,7/1/2020,16:39,136,158.667,147.33,0.27,384,6.40,90.6669,113.334,102.00045,-45.33,-33.33,-45.33,-28.57,-45.33,-30.77,33,148,132,-16,-10.81,30.00,-11.62,102.0,-91.4,1538.3,10.3
14,2,7/1/2020,10:15,7/1/2020,17:25,136,158.667,147.33,0.30,430,7.17,90.6669,90.6669,90.6669,-45.33,-33.33,-68.00,-42.86,-56.67,-38.46,33,148,132,-16,-10.81,41.33,-11.62,69.0,-62.3,1545.0,10.3
14,2,7/1/2020,10:15,7/1/2020,18:20,136,158.667,147.33,0.34,485.000000000001,8.08,68.0002,90.6669,79.33355,-68.00,-50.00,-68.00,-42.86,-68.00,-46.15,33,148,132,-16,-10.81,52.67,-11.62,82.5,-74.8,1552.7,10.4
14,2,7/1/2020,10:15,7/2/2020,8:24,136,158.667,147.33,0.92,1329,22.15,45.3335,68.0002,56.66685,-90.67,-66.67,-90.67,-57.14,-90.67,-61.54,30,148,120,-28,-18.92,63.33,-22.78,1266.0,-1048.4,1770.3,11.8
15,2,7/1/2020,10:08,7/1/2020,10:49,126.857,148,137.43,0.03,40.9999999999996,0.68,126.857,148,137.4285,0.00,0.00,0.00,0.00,0.00,0.00,37,148,148,0,0.00,10.57,7.14,1561.5,-60.7,1500.8,10.0
15,2,7/1/2020,10:08,7/1/2020,11:36,126.857,148,137.43,0.06,87.9999999999999,1.47,126.857,148,137.4285,0.00,0.00,0.00,0.00,0.00,0.00,37,148,148,0,0.00,10.57,7.14,70.5,-69.6,1501.7,10.0
15,2,7/1/2020,10:08,7/1/2020,12:30,126.857,148,137.43,0.10,142,2.37,126.857,148,137.4285,0.00,0.00,0.00,0.00,0.00,0.00,36,148,144,-4,-2.70,6.57,4.56,81.0,-77.8,1504.9,10.0
15,2,7/1/2020,10:08,7/1/2020,13:24,126.857,148,137.43,0.14,196,3.27,126.857,148,137.4285,0.00,0.00,0.00,0.00,0.00,0.00,37,148,148,0,0.00,10.57,7.14,81.0,-80.2,1505.7,10.0
15,2,7/1/2020,10:08,7/1/2020,14:46,126.857,148,137.43,0.19,278.000000000001,4.63,126.857,148,137.4285,0.00,0.00,0.00,0.00,0.00,0.00,37,148,148,0,0.00,10.57,7.14,123.0,-121.8,1506.9,10.0
15,2,7/1/2020,10:08,7/1/2020,15:32,126.857,148,137.43,0.23,324,5.40,126.857,148,137.4285,0.00,0.00,0.00,0.00,0.00,0.00,36,148,144,-4,-2.70,6.57,4.56,69.0,-66.5,1509.3,10.1
15,2,7/1/2020,10:08,7/1/2020,16:41,126.857,148,137.43,0.27,393.000000000001,6.55,126.857,148,137.4285,0.00,0.00,0.00,0.00,0.00,0.00,37,148,148,0,0.00,10.57,7.14,103.5,-102.8,1510.1,10.1
15,2,7/1/2020,10:08,7/1/2020,17:26,126.857,148,137.43,0.30,438.000000000001,7.30,126.857,148,137.4285,0.00,0.00,0.00,0.00,0.00,0.00,37,148,148,0,0.00,10.57,7.14,67.5,-67.0,1510.5,10.1
15,2,7/1/2020,10:08,7/1/2020,18:22,126.857,148,137.43,0.34,494.000000000001,8.23,105.714,126.857,116.2855,-21.14,-16.67,-21.14,-14.29,-21.14,-15.38,37,148,148,0,0.00,31.71,7.14,84.0,-83.5,1511.1,10.1
15,2,7/1/2020,10:08,7/2/2020,8:25,126.857,148,137.43,0.93,1337,22.28,105.714,126.857,116.2855,-21.14,-16.67,-21.14,-14.29,-21.14,-15.38,35,148,140,-8,-5.41,23.71,1.84,1264.5,-1188.9,1586.7,10.6
16,2,7/1/2020,10:09,7/1/2020,10:51,120,140,130.00,0.03,41.9999999999991,0.70,99.9997,120,109.99985,-20.00,-16.67,-20.00,-14.29,-20.00,-15.38,31,124,124,0,0.00,14.00,-4.84,1563.0,-52.1,1510.9,10.1
16,2,7/1/2020,10:09,7/1/2020,11:37,120,140,130.00,0.06,87.9999999999999,1.47,79.9998,99.9997,89.99975,-40.00,-33.33,-40.00,-28.57,-40.00,-30.77,29,124,116,-8,-6.45,26.00,-12.07,69.0,-53.7,1526.2,10.2
16,2,7/1/2020,10:09,7/1/2020,12:32,120,140,130.00,0.10,142.999999999999,2.38,59.9998,79.9998,69.9998,-60.00,-50.00,-60.00,-42.86,-60.00,-46.15,26,124,104,-20,-16.13,34.00,-25.00,82.5,-58.2,1550.5,10.3
16,2,7/1/2020,10:09,7/1/2020,13:25,120,140,130.00,0.14,196,3.27,39.9999,59.9998,49.99985,-80.00,-66.67,-80.00,-57.14,-80.00,-61.54,24,124,96,-28,-22.58,46.00,-35.42,79.5,-52.6,1577.4,10.5
16,2,7/1/2020,10:09,7/1/2020,14:47,120,140,130.00,0.19,277.999999999999,4.63,19.9999,39.9999,29.9999,-100.00,-83.33,-100.00,-71.43,-100.00,-76.92,22,124,88,-36,-29.03,58.00,-47.73,123.0,-75.9,1624.5,10.8
16,2,7/1/2020,10:09,7/1/2020,15:33,120,140,130.00,0.23,324,5.40,0,0,0,-120.00,-100.00,-140.00,-100.00,-130.00,-100.00,22,124,88,-36,-29.03,88.00,-47.73,69.0,-43.8,1649.7,11.0
16,2,7/1/2020,10:09,7/1/2020,16:42,120,140,130.00,0.27,392.999999999999,6.55,0,0,0,-120.00,-100.00,-140.00,-100.00,-130.00,-100.00,21,124,84,-40,-32.26,84.00,-54.76,103.5,-63.7,1689.4,11.3
16,2,7/1/2020,10:09,7/1/2020,17:28,120,140,130.00,0.30,439,7.32,0,0,0,-120.00,-100.00,-140.00,-100.00,-130.00,-100.00,20,124,80,-44,-35.48,80.00,-62.50,69.0,-41.4,1717.0,11.4
16,2,7/1/2020,10:09,7/1/2020,18:24,120,140,130.00,0.34,495,8.25,0,0,0,-120.00,-100.00,-140.00,-100.00,-130.00,-100.00,19,124,76,-48,-38.71,76.00,-71.05,84.0,-48.7,1752.3,11.7
16,2,7/1/2020,10:09,7/2/2020,8:26,120,140,130.00,0.93,1337,22.28,0,0,0,-120.00,-100.00,-140.00,-100.00,-130.00,-100.00,10,124,40,-84,-67.74,40.00,-225.00,1263.0,-393.4,2621.8,17.5
1,3,7/2/2020,13:21,7/2/2020,13:21,130.286,152,141.14,0:00,0,0.00,130.286,152,141.143,0.00,0.00,0.00,0.00,0.00,0.00,38,152,152,0,0.00,10.86,7.14,1500.0,0.0,1500.0,10.0
1,3,7/2/2020,13:21,7/2/2020,15:18,130.286,152,141.14,1:57,117,1.95,108.571,130.286,119.4285,-21.72,-16.67,-21.71,-14.29,-21.71,-15.38,36,152,144,-8,-5.26,24.57,1.98402777777778,175.5,-168.5,1507.0,10.0
1,3,7/2/2020,13:21,7/2/2020,16:11,130.286,152,141.14,2:50,170,2.83,108.571,130.286,119.4285,-21.72,-16.67,-21.71,-14.29,-21.71,-15.38,36,152,144,-8,-5.26,24.57,1.98402777777778,79.5,-76.7,1509.8,10.1
1,3,7/2/2020,13:21,7/2/2020,17:07,130.286,152,141.14,3:46,226,3.77,108.571,130.286,119.4285,-21.72,-16.67,-21.71,-14.29,-21.71,-15.38,35,152,140,-12,-7.89,20.57,-0.816428571428572,84.0,-78.9,1514.9,10.1
1,3,7/2/2020,13:21,7/2/2020,18:00,130.286,152,141.14,4:39,279,4.65,108.571,130.286,119.4285,-21.72,-16.67,-21.71,-14.29,-21.71,-15.38,35,152,140,-12,-7.89,20.57,-0.816428571428572,79.5,-74.9,1519.5,10.1
1,3,7/2/2020,13:21,7/3/2020,13:47,130.286,152,141.14,24:26:00,1466,24.43,78,78,78,-52.29,-40.13,-74.00,-48.68,-63.14,-44.74,30,152,120,-32,-21.05,42.00,-17.6191666666667,1780.5,-1442.9,1857.1,12.4
2,3,7/2/2020,13:23,7/2/2020,13:23,133,152,142.50,0:00,0,0.00,133,152,142.5,0.00,0.00,0.00,0.00,0.00,0.00,38,152,152,0,0.00,9.50,6.25,1500.0,0.0,1500.0,10.0
2,3,7/2/2020,13:23,7/2/2020,15:21,133,152,142.50,1:58,118,1.97,114,133,123.5,-19.00,-14.29,-19.00,-12.50,-19.00,-13.33,35,152,140,-12,-7.89,16.50,-1.78571428571429,177.0,-165.2,1511.8,10.1
2,3,7/2/2020,13:23,7/2/2020,16:13,133,152,142.50,2:50,170,2.83,114,133,123.5,-19.00,-14.29,-19.00,-12.50,-19.00,-13.33,35,152,140,-12,-7.89,16.50,-1.78571428571429,78.0,-73.4,1516.4,10.1
2,3,7/2/2020,13:23,7/2/2020,17:08,133,152,142.50,3:45,225,3.75,114,133,123.5,-19.00,-14.29,-19.00,-12.50,-19.00,-13.33,35,152,140,-12,-7.89,16.50,-1.78571428571429,82.5,-77.8,1521.1,10.1
2,3,7/2/2020,13:23,7/2/2020,18:02,133,152,142.50,4:39,279,4.65,114,133,123.5,-19.00,-14.29,-19.00,-12.50,-19.00,-13.33,35,152,140,-12,-7.89,16.50,-1.78571428571429,81.0,-76.7,1525.4,10.2
2,3,7/2/2020,13:23,7/3/2020,13:49,133,152,142.50,25:26:00,1526,25.43,35.5556,53.3334,44.4445,-97.44,-73.27,-98.67,-64.91,-98.06,-68.81,26,152,104,-48,-31.58,59.56,-37.0192307692308,1870.5,-1318.9,2077.1,13.8
3,3,7/2/2020,13:27,7/2/2020,13:27,130.286,152,141.14,0:00,0,0.00,130.286,152,141.143,0.00,0.00,0.00,0.00,0.00,0.00,38,152,152,0,0.00,10.86,7.14,1500.0,0.0,1500.0,10.0
3,3,7/2/2020,13:27,7/2/2020,15:30,130.286,152,141.14,2:03,123,2.05,108.572,108.572,108.572,-21.71,-16.67,-43.43,-28.57,-32.57,-23.08,35,152,140,-12,-7.89,31.43,-0.816428571428572,184.5,-172.2,1512.3,10.1
3,3,7/2/2020,13:27,7/2/2020,16:14,130.286,152,141.14,2:47,167,2.78,108.572,108.572,108.572,-21.71,-16.67,-43.43,-28.57,-32.57,-23.08,35,152,140,-12,-7.89,31.43,-0.816428571428572,66.0,-62.1,1516.2,10.1
3,3,7/2/2020,13:27,7/2/2020,17:10,130.286,152,141.14,3:43,223,3.72,65.143,86.8574,86.8574,-65.14,-50.00,-65.14,-42.86,-54.29,-38.46,33,152,132,-20,-13.16,45.14,-6.92651515151515,84.0,-74.7,1525.5,10.2
3,3,7/2/2020,13:27,7/2/2020,18:03,130.286,152,141.14,4:36,276,4.60,65.143,86.8574,76.0002,-65.14,-50.00,-65.14,-42.86,-65.14,-46.15,32,152,128,-24,-15.79,52.00,-10.26796875,79.5,-69.0,1536.0,10.2
3,3,7/2/2020,13:27,7/3/2020,13:50,130.286,152,141.14,26:26:00,1586,26.43,0,0,0,-130.29,-100.00,-152.00,-100.00,-141.14,-100.00,24,152,96,-56,-36.84,96.00,-47.0239583333333,1965.0,-1287.8,2213.2,14.8
4,3,7/2/2020,13:34,7/2/2020,13:34,148,148,148.00,0:00,0,0.00,148,148,148,0.00,0.00,0.00,0.00,0.00,0.00,37,148,148,0,0.00,0.00,0.00,1500.0,0.0,1500.0,10.0
4,3,7/2/2020,13:34,7/2/2020,15:32,148,148,148.00,1:58,118,1.97,126.857,148,137.4285,-21.14,-14.29,0.00,0.00,-10.57,-7.14,36,148,144,-4,-2.70,6.57,-2.77777777777778,177.0,-169.9,1507.1,10.0
4,3,7/2/2020,13:34,7/2/2020,16:16,148,148,148.00,2:42,162,2.70,126.857,148,137.4285,-21.14,-14.29,0.00,0.00,-10.57,-7.14,36,148,144,-4,-2.70,6.57,-2.77777777777778,66.0,-63.7,1509.4,10.1
4,3,7/2/2020,13:34,7/2/2020,17:13,148,148,148.00,3:39,219,3.65,126.857,126.857,126.857,-21.14,-14.29,-21.14,-14.29,-21.14,-14.29,35,148,140,-8,-5.41,13.14,-5.71428571428571,85.5,-80.3,1514.6,10.1
4,3,7/2/2020,13:34,7/2/2020,18:04,148,148,148.00,4:30,270,4.50,105.714,126.857,116.2855,-42.29,-28.57,-21.14,-14.29,-31.71,-21.43,35,148,140,-8,-5.41,23.71,-5.71428571428571,76.5,-72.1,1519.0,10.1
4,3,7/2/2020,13:34,7/3/2020,13:52,148,148,148.00,27:26:00,1646,27.43,0,0,0,-148.00,-100.00,-148.00,-100.00,-148.00,-100.00,21,148,84,-64,-43.24,84.00,-76.1904761904762,2064.0,-1170.5,2412.5,16.1
5,3,7/2/2020,14:07,7/2/2020,14:07,164,164,164.00,0:00,0,0.00,164,164,164,0.00,0.00,0.00,0.00,0.00,0.00,41,164,164,0,0.00,0.00,0.00,1500.0,0.0,1500.0,10.0
5,3,7/2/2020,14:07,7/2/2020,15:34,164,164,164.00,1:27,87,1.45,143.5,164,153.75,-20.50,-12.50,0.00,0.00,-10.25,-6.25,40,164,160,-4,-2.44,6.25,-2.5,130.5,-139.2,1491.3,9.9
5,3,7/2/2020,14:07,7/2/2020,16:21,164,164,164.00,2:14,134,2.23,123,143.5,133.25,-41.00,-25.00,-20.50,-12.50,-30.75,-18.75,38,164,152,-12,-7.32,18.75,-7.89473684210526,70.5,-71.0,1490.8,9.9
5,3,7/2/2020,14:07,7/2/2020,17:15,164,164,164.00,3:08,188,3.13,123,143.5,133.25,-41.00,-25.00,-20.50,-12.50,-30.75,-18.75,37,164,148,-16,-9.76,14.75,-10.8108108108108,81.0,-79.4,1492.3,9.9
5,3,7/2/2020,14:07,7/2/2020,18:05,164,164,164.00,3:58,238,3.97,102.5,123,112.75,-61.50,-37.50,-41.00,-25.00,-51.25,-31.25,35,164,140,-24,-14.63,27.25,-17.1428571428571,75.0,-69.6,1497.7,10.0
5,3,7/2/2020,14:07,7/3/2020,13:53,164,164,164.00,23:46,1426,23.77,0,36,18,-164.00,-100.00,-128.00,-78.05,-146.00,-89.02,29,164,116,-48,-29.27,98.00,-41.3793103448276,1782.0,-1376.0,1903.7,12.7
6,3,7/2/2020,13:50,7/2/2020,13:50,126.664,151.997,139.33,0:00,0,0.00,126.664,151.997,139.3305,0.00,0.00,0.00,0.00,0.00,0.00,38,152,152,0,0.00,12.67,8.34,1500.0,0.0,1500.0,10.0
6,3,7/2/2020,13:50,7/2/2020,15:36,126.664,151.997,139.33,1:46,106,1.77,101.331,126.664,113.9975,-25.33,-20.00,-25.33,-16.67,-25.33,-18.18,35,152,140,-12,-7.89,26.00,0.478214285714285,159.0,-148.4,1510.6,10.1
6,3,7/2/2020,13:50,7/2/2020,16:23,126.664,151.997,139.33,2:33,153,2.55,75.9984,101.331,88.6647,-50.67,-40.00,-50.67,-33.33,-50.67,-36.36,33,152,132,-20,-13.16,43.34,-5.55340909090909,70.5,-62.5,1518.6,10.1
6,3,7/2/2020,13:50,7/2/2020,17:17,126.664,151.997,139.33,3:27,207,3.45,50.6656,75.9984,63.332,-76.00,-60.00,-76.00,-50.00,-76.00,-54.55,31,152,124,-28,-18.42,60.67,-12.3633064516129,81.0,-67.8,1531.8,10.2
6,3,7/2/2020,13:50,7/2/2020,18:06,126.664,151.997,139.33,4:16,256,4.27,0,25.3328,12.6664,-126.66,-100.00,-126.66,-83.33,-126.66,-90.91,29,152,116,-36,-23.68,103.33,-20.1125,73.5,-58.0,1547.3,10.3
6,3,7/2/2020,13:50,7/3/2020,13:54,126.664,151.997,139.33,24:04:00,1444,24.07,0,0,0,-126.66,-100.00,-152.00,-100.00,-139.33,-100.00,21,152,84,-68,-44.74,84.00,-65.8696428571429,1782.0,-1029.4,2299.9,15.3
7,3,7/2/2020,13:57,7/2/2020,13:57,140,160,150.00,0:00,0,0.00,140,160,150,0.00,0.00,0.00,0.00,0.00,0.00,40,160,160,0,0.00,10.00,6.25,1500.0,0.0,1500.0,10.0
7,3,7/2/2020,13:57,7/2/2020,15:37,140,160,150.00,1:40,100,1.67,100,120,110,-40.00,-28.57,-40.00,-25.00,-40.00,-26.67,35,160,140,-20,-12.50,30.00,-7.14285714285714,150.0,-140.0,1510.0,10.1
7,3,7/2/2020,13:57,7/2/2020,16:25,140,160,150.00,2:28,148,2.47,80,100,90,-60.00,-42.86,-60.00,-37.50,-60.00,-40.00,35,160,140,-20,-12.50,50.00,-7.14285714285714,72.0,-67.6,1514.4,10.1
7,3,7/2/2020,13:57,7/2/2020,17:18,140,160,150.00,3:21,201,3.35,60,80,70,-80.00,-57.14,-80.00,-50.00,-80.00,-53.33,32,160,128,-32,-20.00,58.00,-17.1875,79.5,-68.5,1525.4,10.2
7,3,7/2/2020,13:57,7/2/2020,18:07,140,160,150.00,4:10,250,4.17,60,80,70,-80.00,-57.14,-80.00,-50.00,-80.00,-53.33,32,160,128,-32,-20.00,58.00,-17.1875,73.5,-63.8,1535.1,10.2
7,3,7/2/2020,13:57,7/3/2020,13:55,140,160,150.00,23:58,1438,23.97,0,40,20,-140.00,-100.00,-120.00,-75.00,-130.00,-86.67,15,160,60,-100,-62.50,40.00,-150,1782.0,-729.5,2587.6,17.3
8,3,7/2/2020,14:03,7/2/2020,14:03,136.667,164,150.33,0:00,0,0.00,136.667,164,150.3335,0.00,0.00,0.00,0.00,0.00,0.00,41,164,164,0,0.00,13.67,8.33,1500.0,0.0,1500.0,10.0
8,3,7/2/2020,14:03,7/2/2020,15:38,136.667,164,150.33,1:35,95,1.58,136.667,164,150.3335,0.00,0.00,0.00,0.00,0.00,0.00,41,164,164,0,0.00,13.67,8.33323170731706,142.5,-155.8,1486.7,9.9
8,3,7/2/2020,14:03,7/2/2020,16:28,136.667,164,150.33,2:25,145,2.42,109.333,136.667,123,-27.33,-20.00,-27.33,-16.67,-27.33,-18.18,40,164,160,-4,-2.44,37.00,6.04156249999999,75.0,-79.3,1482.4,9.9
8,3,7/2/2020,14:03,7/2/2020,17:21,136.667,164,150.33,3:18,198,3.30,109.333,136.667,123,-27.33,-20.00,-27.33,-16.67,-27.33,-18.18,40,164,160,-4,-2.44,37.00,6.04156249999999,79.5,-83.8,1478.1,9.9
8,3,7/2/2020,14:03,7/2/2020,18:08,136.667,164,150.33,4:05,245,4.08,109.333,136.667,123,-27.33,-20.00,-27.33,-16.67,-27.33,-18.18,39,164,156,-8,-4.88,33.00,3.63237179487179,70.5,-72.2,1476.4,9.8
8,3,7/2/2020,14:03,7/3/2020,13:57,136.667,164,150.33,23:54,1434,23.90,0,0,0,-136.67,-100.00,-164.00,-100.00,-150.33,-100.00,28,164,112,-52,-31.71,112.00,-34.2263392857143,1783.5,-1310.7,1949.2,13.0
9,3,7/2/2020,14:10,7/2/2020,14:10,126.857,148,137.43,0:00,0,0.00,126.857,148,137.4285,0.00,0.00,0.00,0.00,0.00,0.00,37,148,148,0,0.00,10.57,7.14,1500.0,0.0,1500.0,10.0
9,3,7/2/2020,14:10,7/2/2020,15:41,126.857,148,137.43,1:31,91,1.52,126.857,126.857,126.857,0.00,0.00,-21.14,-14.29,-10.57,-7.69,35,148,140,-8,-5.41,13.14,1.83678571428573,136.5,-127.4,1509.1,10.1
9,3,7/2/2020,14:10,7/2/2020,16:35,126.857,148,137.43,2:25,145,2.42,105.715,126.857,116.286,-21.14,-16.67,-21.14,-14.29,-21.14,-15.38,35,148,140,-8,-5.41,23.71,1.83678571428573,81.0,-76.1,1514.0,10.1
9,3,7/2/2020,14:10,7/2/2020,17:22,126.857,148,137.43,3:12,192,3.20,105.715,126.857,116.286,-21.14,-16.67,-21.14,-14.29,-21.14,-15.38,34,148,136,-12,-8.11,19.71,-1.05036764705881,70.5,-64.5,1520.0,10.1
9,3,7/2/2020,14:10,7/2/2020,18:09,126.857,148,137.43,3:59,239,3.98,105.715,126.857,116.286,-21.14,-16.67,-21.14,-14.29,-21.14,-15.38,35,148,140,-8,-5.41,23.71,1.83678571428573,70.5,-66.7,1523.8,10.2
9,3,7/2/2020,14:10,7/3/2020,13:58,126.857,148,137.43,23:48,1428,23.80,45.7144,68.5716,57.143,-81.14,-63.96,-79.43,-53.67,-80.29,-58.42,29,148,116,-32,-21.62,58.86,-18.4728448275862,1783.5,-1401.2,1906.2,12.7
10,3,7/2/2020,14:36,7/2/2020,14:36,126.857,148,137.43,0:00,0,0.00,126.857,148,137.4285,0.00,0.00,0.00,0.00,0.00,0.00,37,148,148,0,0.00,10.57,7.14,1500.0,0.0,1500.0,10.0
10,3,7/2/2020,14:36,7/2/2020,15:43,126.857,148,137.43,1:07,67,1.12,105.714,126.857,116.2855,-21.14,-16.67,-21.14,-14.29,-21.14,-15.38,35,148,140,-8,-5.41,23.71,1.83678571428573,100.5,-93.8,1506.7,10.0
10,3,7/2/2020,14:36,7/2/2020,16:37,126.857,148,137.43,2:01,121,2.02,126.857,126.857,126.857,0.00,0.00,-21.14,-14.29,-10.57,-7.69,35,148,140,-8,-5.41,13.14,1.83678571428573,81.0,-75.9,1511.8,10.1
10,3,7/2/2020,14:36,7/2/2020,17:23,126.857,148,137.43,2:47,167,2.78,105.714,126.857,116.2855,-21.14,-16.67,-21.14,-14.29,-21.14,-15.38,34,148,136,-12,-8.11,19.71,-1.05036764705881,69.0,-63.1,1517.7,10.1
10,3,7/2/2020,14:36,7/2/2020,18:11,126.857,148,137.43,3:35,215,3.58,105.714,126.857,116.2855,-21.14,-16.67,-21.14,-14.29,-21.14,-15.38,34,148,136,-12,-8.11,19.71,-1.05036764705881,72.0,-66.1,1523.7,10.2
10,3,7/2/2020,14:36,7/3/2020,14:00,126.857,148,137.43,23:24,1404,23.40,20.5,41,30.75,-106.36,-83.84,-107.00,-72.30,-106.68,-77.62,25,148,100,-48,-32.43,69.25,-37.4285,1783.5,-1207.8,2099.4,14.0
11,3,7/2/2020,14:17,7/2/2020,14:17,152,152,152.00,0:00,0,0.00,152,152,152,0.00,0.00,0.00,0.00,0.00,0.00,38,152,152,0,0.00,0.00,0,1500.0,0.0,1500.0,10.0
11,3,7/2/2020,14:17,7/2/2020,15:44,152,152,152.00,1:27,87,1.45,152,173.714,162.857,0.00,0.00,21.71,14.29,10.86,7.14,38,152,152,0,0.00,-10.86,0,130.5,-132.2,1498.3,10.0
11,3,7/2/2020,14:17,7/2/2020,16:39,152,152,152.00,2:22,142,2.37,152,173.714,162.857,0.00,0.00,21.71,14.29,10.86,7.14,37,152,148,-4,-2.63,-14.86,-2.7027027027027,82.5,-81.3,1499.5,10.0
11,3,7/2/2020,14:17,7/2/2020,17:25,152,152,152.00,3:08,188,3.13,152,152,152,0.00,0.00,0.00,0.00,0.00,0.00,36,152,144,-8,-5.26,-8.00,-5.55555555555556,69.0,-66.2,1502.2,10.0
11,3,7/2/2020,14:17,7/2/2020,18:12,152,152,152.00,3:55,235,3.92,152,152,152,0.00,0.00,0.00,0.00,0.00,0.00,37,152,148,-4,-2.63,-4.00,-2.7027027027027,70.5,-69.7,1503.1,10.0
11,3,7/2/2020,14:17,7/3/2020,14:02,152,152,152.00,23:45,1425,23.75,132.806,132.806,132.806,-19.19,-12.63,-19.19,-12.63,-19.19,-12.63,35,152,140,-12,-7.89,7.19,-8.57142857142857,1785.0,-1669.4,1618.7,10.8
12,3,7/2/2020,14:24,7/2/2020,14:24,123.334,148.001,135.67,0:00,0,0.00,123.334,148.001,135.6675,0.00,0.00,0.00,0.00,0.00,0.00,37,148,148,0,0.00,12.33,8.33277027027026,1500.0,0.0,1500.0,10.0
12,3,7/2/2020,14:24,7/2/2020,15:47,123.334,148.001,135.67,1:23,83,1.38,123.334,148.001,135.6675,0.00,0.00,0.00,0.00,0.00,0.00,35,148,140,-8,-5.41,4.33,3.09464285714284,124.5,-116.2,1508.3,10.1
12,3,7/2/2020,14:24,7/2/2020,16:40,123.334,148.001,135.67,2:16,136,2.27,123.334,123.334,123.334,0.00,0.00,-24.67,-16.67,-12.33,-9.09,36,148,144,-4,-2.70,20.67,5.78645833333332,79.5,-76.7,1511.1,10.1
12,3,7/2/2020,14:24,7/2/2020,17:27,123.334,148.001,135.67,3:03,183,3.05,98.6673,123.334,111.00065,-24.67,-20.00,-24.67,-16.67,-24.67,-18.18,34,148,136,-12,-8.11,25.00,0.244485294117634,70.5,-64.4,1517.2,10.1
12,3,7/2/2020,14:24,7/2/2020,18:13,123.334,148.001,135.67,3:49,229,3.82,98.6673,123.334,111.00065,-24.67,-20.00,-24.67,-16.67,-24.67,-18.18,35,148,140,-8,-5.41,29.00,3.09464285714284,69.0,-65.1,1521.0,10.1
12,3,7/2/2020,14:24,7/3/2020,14:03,123.334,148.001,135.67,23:39,1419,23.65,51.2,76.8,64,-72.13,-58.49,-71.20,-48.11,-71.67,-52.83,28,148,112,-36,-24.32,48.00,-21.1316964285714,1785.0,-1351.5,1954.5,13.0
13,3,7/2/2020,14:46,7/2/2020,14:46,133,152,142.50,0:00,0,0.00,133,152,142.5,0.00,0.00,0.00,0.00,0.00,0.00,38,152,152,0,0.00,9.50,6.25,1500.0,0.0,1500.0,10.0
13,3,7/2/2020,14:46,7/2/2020,15:56,133,152,142.50,1:10,70,1.17,114,133,123.5,-19.00,-14.29,-19.00,-12.50,-19.00,-13.33,36,152,144,-8,-5.26,20.50,1.04166666666667,105.0,-100.8,1504.2,10.0
13,3,7/2/2020,14:46,7/2/2020,16:44,133,152,142.50,1:58,118,1.97,95,114,104.5,-38.00,-28.57,-38.00,-25.00,-38.00,-26.67,34,152,136,-16,-10.53,31.50,-4.77941176470588,72.0,-65.5,1510.7,10.1
13,3,7/2/2020,14:46,7/2/2020,17:29,133,152,142.50,2:43,163,2.72,95,114,104.5,-38.00,-28.57,-38.00,-25.00,-38.00,-26.67,33,152,132,-20,-13.16,27.50,-7.95454545454545,67.5,-59.8,1518.4,10.1
13,3,7/2/2020,14:46,7/2/2020,18:14,133,152,142.50,3:28,208,3.47,95,114,104.5,-38.00,-28.57,-38.00,-25.00,-38.00,-26.67,32,152,128,-24,-15.79,23.50,-11.328125,67.5,-58.3,1527.6,10.2
13,3,7/2/2020,14:46,7/3/2020,14:11,133,152,142.50,23:25,1405,23.42,76,95,85.5,-57.00,-42.86,-57.00,-37.50,-57.00,-40.00,30,152,120,-32,-21.05,34.50,-18.75,1795.5,-1462.8,1860.3,12.4
14,3,7/2/2020,14:55,7/2/2020,14:55,130.286,152,141.14,0:00,0,0.00,130.286,152,141.143,0.00,0.00,0.00,0.00,0.00,0.00,38,152,152,0,0.00,10.86,7.14276315789474,1500.0,0.0,1500.0,10.0
14,3,7/2/2020,14:55,7/2/2020,15:57,130.286,152,141.14,1:02,62,1.03,130.286,152,141.143,0.00,0.00,0.00,0.00,0.00,0.00,37,152,148,-4,-2.63,6.86,4.63310810810811,93.0,-91.8,1501.2,10.0
14,3,7/2/2020,14:55,7/2/2020,16:46,130.286,152,141.14,1:51,111,1.85,130.286,130.286,130.286,0.00,0.00,-21.71,-14.29,-10.86,-7.69,37,152,148,-4,-2.63,17.71,4.63310810810811,73.5,-72.6,1502.2,10.0
14,3,7/2/2020,14:55,7/2/2020,17:30,130.286,152,141.14,2:35,155,2.58,108.572,130.286,119.429,-21.71,-16.67,-21.71,-14.29,-21.71,-15.38,36,152,144,-8,-5.26,24.57,1.98402777777778,66.0,-63.5,1504.7,10.0
14,3,7/2/2020,14:55,7/2/2020,18:15,130.286,152,141.14,3:20,200,3.33,108.572,130.286,119.429,-21.71,-16.67,-21.71,-14.29,-21.71,-15.38,34,152,136,-16,-10.53,16.57,-3.78161764705882,67.5,-61.4,1510.8,10.1
14,3,7/2/2020,14:55,7/3/2020,14:12,130.286,152,141.14,23:17,1397,23.28,0,0,0,-130.29,-100.00,-152.00,-100.00,-141.14,-100.00,24,152,96,-56,-36.84,96.00,-47.0239583333333,1795.5,-1157.4,2148.9,14.3
15,3,7/2/2020,15:00,7/2/2020,15:00,126.857,148,137.43,0:00,0,0.00,126.857,148,137.4285,0.00,0.00,0.00,0.00,0.00,0.00,37,148,148,0,0.00,10.57,7.14290540540542,1500.0,0.0,1500.0,10.0
15,3,7/2/2020,15:00,7/2/2020,15:59,126.857,148,137.43,0:59,59,0.98,126.857,148,137.4285,0.00,0.00,0.00,0.00,0.00,0.00,37,148,148,0,0.00,10.57,7.14290540540542,88.5,-87.3,1501.2,10.0
15,3,7/2/2020,15:00,7/2/2020,16:47,126.857,148,137.43,1:47,107,1.78,126.857,126.857,126.857,0.00,0.00,-21.14,-14.29,-10.57,-7.69,36,148,144,-4,-2.70,17.14,4.56354166666668,72.0,-69.2,1504.0,10.0
15,3,7/2/2020,15:00,7/2/2020,17:32,126.857,148,137.43,2:32,152,2.53,126.857,126.857,126.857,0.00,0.00,-21.14,-14.29,-10.57,-7.69,36,148,144,-4,-2.70,17.14,4.56354166666668,67.5,-65.0,1506.5,10.0
15,3,7/2/2020,15:00,7/2/2020,18:17,126.857,148,137.43,3:17,197,3.28,105.714,126.857,116.2855,-21.14,-16.67,-21.14,-14.29,-21.14,-15.38,36,148,144,-4,-2.70,27.71,4.56354166666668,67.5,-65.1,1509.0,10.1
15,3,7/2/2020,15:00,7/3/2020,14:13,126.857,148,137.43,23:13,1393,23.22,66.8574,66.8574,66.8574,-60.00,-47.30,-81.14,-54.83,-70.57,-51.35,30,148,120,-28,-18.92,53.14,-14.52375,1794.0,-1443.8,1859.2,12.4
16,3,7/2/2020,15:07,7/2/2020,15:07,133,152,142.50,0:00,0,0.00,133,152,142.5,0.00,0.00,0.00,0.00,0.00,0.00,37,148,148,0,0.00,5.50,3.71621621621622,1500.0,0.0,1500.0,10.0
16,3,7/2/2020,15:07,7/2/2020,16:00,133,152,142.50,0:53,53,0.88,114,133,123.5,-19.00,-14.29,-19.00,-12.50,-19.00,-13.33,34,148,136,-12,-8.11,12.50,-4.77941176470588,79.5,-72.1,1507.4,10.0
16,3,7/2/2020,15:07,7/2/2020,16:49,133,152,142.50,1:42,102,1.70,94.9997,114,104.49985,-38.00,-28.57,-38.00,-25.00,-38.00,-26.67,32,148,128,-20,-13.51,23.50,-11.328125,73.5,-63.0,1517.9,10.1
16,3,7/2/2020,15:07,7/2/2020,17:33,133,152,142.50,2:26,146,2.43,94.9997,114,104.49985,-38.00,-28.57,-38.00,-25.00,-38.00,-26.67,33,148,132,-16,-10.81,27.50,-7.95454545454545,66.0,-58.8,1525.1,10.2
16,3,7/2/2020,15:07,7/2/2020,18:19,133,152,142.50,3:12,192,3.20,75.9998,94.9997,85.49975,-57.00,-42.86,-57.00,-37.50,-57.00,-40.00,30,148,120,-28,-18.92,34.50,-18.75,69.0,-56.1,1538.0,10.3
16,3,7/2/2020,15:07,7/3/2020,14:15,133,152,142.50,23:08,1388,23.13,0,0,0,-133.00,-100.00,-152.00,-100.00,-142.50,-100.00,17,148,68,-80,-54.05,68.00,-109.558823529412,1794.0,-833.9,2498.1,16.7
1,4,7/9/2020,9:18,7/9/2020,9:18,140,163.333,151.67,0:00,0,0.00,140,163,151.5,0.00,0.00,-0.33,-0.20,-0.17,-0.11,37,148,148,0,0.00,-3.50,-2.47736486486485,1500.0,0.0,1500.0,10.0
1,4,7/9/2020,9:18,7/9/2020,11:01,140,163.333,151.67,1:43,103,1.72,116.667,140,128.3335,-23.33,-16.67,-23.33,-14.29,-23.33,-15.38,36,148,144,-4,-2.70,15.67,-5.32395833333332,154.5,-148.3,1506.2,10.0
1,4,7/9/2020,9:18,7/9/2020,13:00,140,163.333,151.67,3:42,222,3.70,116.667,116.667,116.667,-23.33,-16.67,-46.67,-28.57,-35.00,-23.08,35,148,140,-8,-5.41,23.33,-8.33321428571427,178.5,-167.3,1517.4,10.1
1,4,7/9/2020,9:18,7/9/2020,15:42,140,163.333,151.67,6:24,384,6.40,70,93.3333,81.66665,-70.00,-50.00,-70.00,-42.86,-70.00,-46.15,32,152,128,-24,-15.79,46.33,-18.489453125,243.0,-209.8,1550.6,10.3
1,4,7/9/2020,9:18,7/9/2020,17:28,140,163.333,151.67,8:10,490,8.17,93.3333,116.667,105.00015,-46.67,-33.33,-46.67,-28.57,-46.67,-30.77,34,152,136,-16,-10.53,31.00,-11.5194852941176,159.0,-149.0,1560.6,10.4
1,4,7/9/2020,9:18,7/10/2020,10:05,140,163.333,151.67,24:47:00,1487,24.78,70,93.333,81.6665,-70.00,-50.00,-70.00,-42.86,-70.00,-46.15,31,152,124,-28,-18.42,42.33,-22.3116935483871,1495.5,-1286.2,1769.9,11.8
2,4,7/9/2020,9:19,7/9/2020,9:19,156.445,176,166.22,0:00,0,0.00,156.445,176,166.2225,0.00,0.00,0.00,0.00,0.00,0.00,42,168,168,0,0.00,1.78,1.05803571428572,1500.0,0.0,1500.0,10.0
2,4,7/9/2020,9:19,7/9/2020,11:02,156.445,176,166.22,1:43,103,1.72,136.889,156.445,146.667,-19.56,-12.50,-19.56,-11.11,-19.56,-11.76,41,168,164,-4,-2.38,17.33,-1.35518292682927,154.5,-168.9,1485.6,9.9
2,4,7/9/2020,9:19,7/9/2020,13:01,156.445,176,166.22,3:42,222,3.70,136.889,156.445,146.667,-19.56,-12.50,-19.56,-11.11,-19.56,-11.76,40,168,160,-8,-4.76,13.33,-3.8890625,178.5,-188.6,1475.5,9.8
2,4,7/9/2020,9:19,7/9/2020,15:43,156.445,176,166.22,6:24,384,6.40,117.333,136.889,127.111,-39.11,-25.00,-39.11,-22.22,-39.11,-23.53,40,152,160,8,5.26,32.89,-3.8890625,243.0,-255.0,1463.5,9.8
2,4,7/9/2020,9:19,7/9/2020,17:30,156.445,176,166.22,8:11,491,8.18,117.333,136.889,127.111,-39.11,-25.00,-39.11,-22.22,-39.11,-23.53,39,152,156,4,2.63,28.89,-6.55288461538461,160.5,-162.9,1461.2,9.7
2,4,7/9/2020,9:19,7/10/2020,10:06,156.445,176,166.22,24:47:00,1487,24.78,58.6667,78.2223,68.4445,-97.78,-62.50,-97.78,-55.56,-97.78,-58.82,35,152,140,-12,-7.89,71.56,-18.7303571428571,1494.0,-1358.3,1596.9,10.6
3,4,7/9/2020,9:22,7/9/2020,9:22,137.143,160,148.57,0:00,0,0.00,137.143,160,148.5715,0.00,0.00,0.00,0.00,0.00,0.00,40,160,160,0,0.00,11.43,7.14281249999999,1500.0,0.0,1500.0,10.0
3,4,7/9/2020,9:22,7/9/2020,11:05,137.143,160,148.57,1:43,103,1.72,137.143,160,148.5715,0.00,0.00,0.00,0.00,0.00,0.00,39,160,156,-4,-2.50,7.43,4.76185897435897,154.5,-160.7,1493.8,10.0
3,4,7/9/2020,9:22,7/9/2020,13:02,137.143,160,148.57,3:40,220,3.67,114.286,114.286,114.286,-22.86,-16.67,-45.71,-28.57,-34.29,-23.08,36,160,144,-16,-10.00,29.71,-3.17465277777779,175.5,-167.8,1501.5,10.0
3,4,7/9/2020,9:22,7/9/2020,15:44,137.143,160,148.57,6:22,382,6.37,114.286,114.286,114.286,-22.86,-16.67,-45.71,-28.57,-34.29,-23.08,35,152,140,-12,-7.89,25.71,-6.12250000000001,243.0,-227.0,1517.5,10.1
3,4,7/9/2020,9:22,7/9/2020,17:31,137.143,160,148.57,8:09,489,8.15,68.5716,91.4288,80.0002,-68.57,-50.00,-68.57,-42.86,-68.57,-46.15,34,152,136,-16,-10.53,56.00,-9.24375000000001,160.5,-147.2,1530.8,10.2
3,4,7/9/2020,9:22,7/10/2020,10:08,137.143,160,148.57,24:46:00,1486,24.77,68.5716,91.4288,80.0002,-68.57,-50.00,-68.57,-42.86,-68.57,-46.15,33,152,132,-20,-13.16,52.00,-12.5541666666667,1495.5,-1343.0,1683.2,11.2
4,4,7/9/2020,9:23,7/9/2020,9:23,130.286,152,141.14,0:00,0,0.00,130.286,152,141.143,0.00,0.00,0.00,0.00,0.00,0.00,38,152,152,0,0.00,10.86,7.14276315789474,1500.0,0.0,1500.0,10.0
4,4,7/9/2020,9:23,7/9/2020,11:06,130.286,152,141.14,1:43,103,1.72,108.571,130.286,119.4285,-21.72,-16.67,-21.71,-14.29,-21.71,-15.38,36,152,144,-8,-5.26,24.57,1.98402777777778,154.5,-148.3,1506.2,10.0
4,4,7/9/2020,9:23,7/9/2020,13:04,130.286,152,141.14,3:41,221,3.68,108.571,130.286,119.4285,-21.72,-16.67,-21.71,-14.29,-21.71,-15.38,36,152,144,-8,-5.26,24.57,1.98402777777778,177.0,-170.6,1512.6,10.1
4,4,7/9/2020,9:23,7/9/2020,15:45,130.286,152,141.14,6:22,382,6.37,108.571,130.286,119.4285,-21.72,-16.67,-21.71,-14.29,-21.71,-15.38,36,152,144,-8,-5.26,24.57,1.98402777777778,241.5,-233.8,1520.3,10.1
4,4,7/9/2020,9:23,7/9/2020,17:32,130.286,152,141.14,8:09,489,8.15,108.871,130.286,119.5785,-21.42,-16.44,-21.71,-14.29,-21.56,-15.28,35,152,140,-12,-7.89,20.42,-0.816428571428572,160.5,-151.8,1529.0,10.2
4,4,7/9/2020,9:23,7/10/2020,10:09,130.286,152,141.14,24:46:00,1486,24.77,65.1429,86.8571,76,-65.14,-50.00,-65.14,-42.86,-65.14,-46.15,33,152,132,-20,-13.16,56.00,-6.92651515151515,1495.5,-1341.4,1683.0,11.2
15,4,7/9/2020,9:51,7/9/2020,9:51,123.428,144,133.71,0:00,0,0.00,123.428,144,133.714,0.00,0.00,0.00,0.00,0.00,0.00,36,144,144,0,0.00,10.29,7.14305555555556,1500.0,0.0,1500.0,10.0
15,4,7/9/2020,9:51,7/9/2020,11:11,123.428,144,133.71,1:20,80,1.33,102.857,123.428,113.1425,-20.57,-16.67,-20.57,-14.29,-20.57,-15.38,35,144,140,-4,-2.78,26.86,4.49,120.0,-112.0,1508.0,10.1
15,4,7/9/2020,9:51,7/9/2020,13:06,123.428,144,133.71,3:15,195,3.25,102.857,123.857,113.357,-20.57,-16.67,-20.14,-13.99,-20.36,-15.22,34,144,136,-8,-5.56,22.64,1.68088235294118,172.5,-157.2,1523.3,10.2
15,4,7/9/2020,9:51,7/9/2020,15:53,123.428,144,133.71,6:02,362,6.03,102.857,102.857,102.857,-20.57,-16.67,-41.14,-28.57,-30.86,-23.08,32,152,128,-24,-15.79,25.14,-4.4640625,250.5,-217.1,1556.7,10.4
15,4,7/9/2020,9:51,7/9/2020,17:33,123.428,144,133.71,7:42,462,7.70,82.2855,102.857,92.57125,-41.14,-33.33,-41.14,-28.57,-41.14,-30.77,32,152,128,-24,-15.79,35.43,-4.4640625,150.0,-132.8,1573.9,10.5
15,4,7/9/2020,9:51,7/10/2020,10:13,123.428,144,133.71,24:22:00,1462,24.37,61.7141,82.2855,71.9998,-61.71,-50.00,-61.71,-42.86,-61.71,-46.15,28,152,112,-40,-26.32,40.00,-19.3875,1500.0,-1175.1,1898.7,12.7
16,4,7/9/2020,9:52,7/9/2020,9:52,136,155.428,145.71,0:00,0,0.00,136,155.428,145.714,0.00,0.00,0.00,0.00,0.00,0.00,38,152,152,0,0.00,6.29,4.13552631578948,1500.0,0.0,1500.0,10.0
16,4,7/9/2020,9:52,7/9/2020,11:12,136,155.428,145.71,1:20,80,1.33,116.571,136,126.2855,-19.43,-14.29,-19.43,-12.50,-19.43,-13.33,34,152,136,-16,-10.53,9.71,-7.14264705882353,120.0,-108.8,1511.2,10.1
16,4,7/9/2020,9:52,7/9/2020,13:07,136,155.428,145.71,3:15,195,3.25,116.571,136,126.2855,-19.43,-14.29,-19.43,-12.50,-19.43,-13.33,34,152,136,-16,-10.53,9.71,-7.14264705882353,172.5,-157.6,1526.1,10.2
16,4,7/9/2020,9:52,7/9/2020,15:54,136,155.428,145.71,6:02,362,6.03,77.7141,97.1426,87.42835,-58.29,-42.86,-58.29,-37.50,-58.29,-40.00,30,152,120,-32,-21.05,32.57,-21.4283333333333,250.5,-203.9,1572.7,10.5
16,4,7/9/2020,9:52,7/9/2020,17:35,136,155.428,145.71,7:43,463,7.72,77.7141,97.1426,87.42835,-58.29,-42.86,-58.29,-37.50,-58.29,-40.00,29,152,116,-36,-23.68,28.57,-25.6155172413793,151.5,-122.8,1601.4,10.7
16,4,7/9/2020,9:52,7/10/2020,10:14,136,155.428,145.71,24:22:00,1462,24.37,0,0,0,-136.00,-100.00,-155.43,-100.00,-145.71,-100.00,22,152,88,-64,-42.11,88.00,-65.5840909090909,1498.5,-938.5,2161.4,14.4
1,5,7/14/2020,9:34,7/14/2020,9:34,148,148,148.00,0:00,0,0.00,148,148,148.00,0.00,0.00,0.00,0.00,0.00,0.00,37,148,148,0,0.00,0.00,0,1500.0,0.0,1500.0,10.0
1,5,7/14/2020,9:34,7/14/2020,12:45,148,148,148.00,3:11,191,3.18,123.334,148,135.67,-24.67,-16.67,0.00,0.00,-12.33,-8.33,36,148,144,-4,-2.70,8.33,-2.77777777777778,286.5,-275.0,1511.5,10.1
1,5,7/14/2020,9:34,7/14/2020,15:24,148,148,148.00,5:50,350,5.83,123.334,148,135.67,-24.67,-16.67,0.00,0.00,-12.33,-8.33,35,148,140,-8,-5.41,4.33,-5.71428571428571,238.5,-224.3,1525.7,10.2
1,5,7/14/2020,9:34,7/14/2020,17:01,148,148,148.00,7:27,447,7.45,123.334,148,135.67,-24.67,-16.67,0.00,0.00,-12.33,-8.33,35,148,140,-8,-5.41,4.33,-5.71428571428571,145.5,-138.1,1533.0,10.2
1,5,7/14/2020,9:34,7/15/2020,8:22,148,148,148.00,22:48:00,1368,22.80,49.3335,74.0002,61.67,-98.67,-66.67,-74.00,-50.00,-86.33,-58.33,29,148,116,-32,-21.62,54.33,-27.5862068965517,1381.5,-1091.9,1822.6,12.2
2,5,7/14/2020,9:35,7/14/2020,9:35,150.5,172,161.25,0:00,0,0.00,150.5,172,161.25,0.00,0.00,0.00,0.00,0.00,0.00,43,172,172,0,0.00,10.75,6.25,1500.0,0.0,1500.0,10.0
2,5,7/14/2020,9:35,7/14/2020,12:46,150.5,172,161.25,3:11,191,3.18,107.5,129,118.25,-43.00,-28.57,-43.00,-25.00,-43.00,-26.67,39,172,156,-16,-9.30,37.75,-3.36538461538462,286.5,-298.0,1488.5,9.9
2,5,7/14/2020,9:35,7/14/2020,15:25,150.5,172,161.25,5:50,350,5.83,85.9998,107.5,96.75,-64.50,-42.86,-64.50,-37.50,-64.50,-40.00,38,172,152,-20,-11.63,55.25,-6.08552631578947,238.5,-239.8,1487.2,9.9
2,5,7/14/2020,9:35,7/14/2020,17:05,150.5,172,161.25,7:30,450,7.50,64.4999,85.9998,75.25,-86.00,-57.14,-86.00,-50.00,-86.00,-53.33,36,172,144,-28,-16.28,68.75,-11.9791666666667,150.0,-142.8,1494.4,10.0
2,5,7/14/2020,9:35,7/15/2020,8:23,150.5,172,161.25,22:48:00,1368,22.80,0,0,0.00,-150.50,-100.00,-172.00,-100.00,-161.25,-100.00,30,172,120,-52,-30.23,120.00,-34.375,1377.0,-1097.5,1773.9,11.8
3,5,7/14/2020,9:36,7/14/2020,9:36,160,160,160.00,0:00,0,0.00,160,160,160.00,0.00,0.00,0.00,0.00,0.00,0.00,40,160,160,0,0.00,0.00,0,1500.0,0.0,1500.0,10.0
3,5,7/14/2020,9:36,7/14/2020,12:47,160,160,160.00,3:11,191,3.18,137.143,160,148.57,-22.86,-14.29,0.00,0.00,-11.43,-7.14,39,160,156,-4,-2.50,7.43,-2.56410256410256,286.5,-298.0,1488.5,9.9
3,5,7/14/2020,9:36,7/14/2020,15:26,160,160,160.00,5:50,350,5.83,137.143,137.143,137.14,-22.86,-14.29,-22.86,-14.29,-22.86,-14.29,37,160,148,-12,-7.50,10.86,-8.10810810810811,238.5,-233.5,1493.5,10.0
3,5,7/14/2020,9:36,7/14/2020,17:06,160,160,160.00,7:30,450,7.50,114.286,137.143,125.71,-45.71,-28.57,-22.86,-14.29,-34.29,-21.43,37,160,148,-12,-7.50,22.29,-8.10810810810811,150.0,-147.4,1496.2,10.0
3,5,7/14/2020,9:36,7/15/2020,8:24,160,160,160.00,22:48:00,1368,22.80,45.7144,68.5716,57.14,-114.29,-71.43,-91.43,-57.14,-102.86,-64.29,30,160,120,-40,-25.00,62.86,-33.3333333333333,1377.0,-1098.8,1774.4,11.8
4,5,7/14/2020,9:37,7/14/2020,9:37,126.857,147.999,137.43,0:00,0,0.00,126.857,147.999,137.43,0.00,0.00,0.00,0.00,0.00,0.00,37,148,148,0,0.00,10.57,7.14324324324325,1500.0,0.0,1500.0,10.0
4,5,7/14/2020,9:37,7/14/2020,12:51,126.857,147.999,137.43,3:14,194,3.23,105.714,126.857,116.29,-21.14,-16.67,-21.14,-14.29,-21.14,-15.38,35,148,140,-8,-5.41,23.71,1.83714285714286,291.0,-271.6,1519.4,10.1
4,5,7/14/2020,9:37,7/14/2020,15:27,126.857,147.999,137.43,5:50,350,5.83,84.5711,105.714,95.14,-42.29,-33.33,-42.29,-28.57,-42.29,-30.77,34,148,136,-12,-8.11,40.86,-1.05,234.0,-214.9,1538.5,10.3
4,5,7/14/2020,9:37,7/14/2020,17:07,126.857,147.999,137.43,7:30,450,7.50,63.4283,84.5711,74.00,-63.43,-50.00,-63.43,-42.86,-63.43,-46.15,32,148,128,-20,-13.51,54.00,-7.365625,150.0,-131.3,1557.2,10.4
4,5,7/14/2020,9:37,7/15/2020,8:25,126.857,147.999,137.43,22:48:00,1368,22.80,63.4283,84.5711,74.00,-63.43,-50.00,-63.43,-42.86,-63.43,-46.15,32,148,128,-20,-13.51,54.00,-7.365625,1377.0,-1219.9,1714.4,11.4
6,5,7/14/2020,9:45,7/14/2020,9:45,130,156,143.00,0:00,0,0.00,130,156,143.00,0.00,0.00,0.00,0.00,0.00,0.00,39,156,156,0,0.00,13.00,8.33333333333333,1500.0,0.0,1500.0,10.0
6,5,7/14/2020,9:45,7/14/2020,12:52,130,156,143.00,3:07,187,3.12,51.9999,77.9998,65.00,-78.00,-60.00,-78.00,-50.00,-78.00,-54.55,32,156,128,-28,-17.95,63.00,-11.71875,280.5,-239.4,1541.1,10.3
6,5,7/14/2020,9:45,7/14/2020,15:31,130,156,143.00,5:46,346,5.77,0,0,0.00,-130.00,-100.00,-156.00,-100.00,-143.00,-100.00,26,156,104,-52,-33.33,104.00,-37.5,238.5,-169.9,1609.7,10.7
6,5,7/14/2020,9:45,7/14/2020,17:10,130,156,143.00,7:25,445,7.42,0,0,0.00,-130.00,-100.00,-156.00,-100.00,-143.00,-100.00,23,156,92,-64,-41.03,92.00,-55.4347826086957,148.5,-97.7,1660.5,11.1
6,5,7/14/2020,9:45,7/15/2020,8:29,130,156,143.00,22:44:00,1364,22.73,0,0,0.00,-130.00,-100.00,-156.00,-100.00,-143.00,-100.00,18,156,72,-84,-53.85,72.00,-98.6111111111111,1378.5,-732.5,2306.5,15.4
7,5,7/14/2020,9:46,7/14/2020,9:46,180,200,190.00,0:00,0,0.00,180,200,190.00,0.00,0.00,0.00,0.00,0.00,0.00,40,160,160,0,0.00,-30.00,-18.75,1500.0,0.0,1500.0,10.0
7,5,7/14/2020,9:46,7/14/2020,12:53,180,200,190.00,3:07,187,3.12,160,180,170.00,-20.00,-11.11,-20.00,-10.00,-20.00,-10.53,42,160,168,8,5.00,-2.00,-13.0952380952381,280.5,-314.2,1466.3,9.8
7,5,7/14/2020,9:46,7/14/2020,15:32,180,200,190.00,5:46,346,5.77,160,180,170.00,-20.00,-11.11,-20.00,-10.00,-20.00,-10.53,41,160,164,4,2.50,-6.00,-15.8536585365854,238.5,-254.9,1449.9,9.7
7,5,7/14/2020,9:46,7/14/2020,17:11,180,200,190.00,7:25,445,7.42,,160,160.00,-180.00,-100.00,-40.00,-20.00,-30.00,-15.79,40,160,160,0,0.00,0.00,-18.75,148.5,-153.1,1445.3,9.6
7,5,7/14/2020,9:46,7/15/2020,8:30,180,200,190.00,22:44:00,1364,22.73,140,160,150.00,-40.00,-22.22,-40.00,-20.00,-40.00,-21.05,39,160,156,-4,-2.50,6.00,-21.7948717948718,1378.5,-1381.4,1442.4,9.6
8,5,7/14/2020,9:48,7/14/2020,9:48,116.666,140,128.33,0:00,0,0.00,116.666,140,128.33,0.00,0.00,0.00,0.00,0.00,0.00,35,140,140,0,0.00,11.67,8.33357142857143,1500.0,0.0,1500.0,10.0
8,5,7/14/2020,9:48,7/14/2020,12:54,116.666,140,128.33,3:06,186,3.10,46.6665,69.9998,58.33,-70.00,-60.00,-70.00,-50.00,-70.00,-54.55,29,140,116,-24,-17.14,57.67,-10.6318965517241,279.0,-215.8,1563.2,10.4
8,5,7/14/2020,9:48,7/14/2020,15:33,116.666,140,128.33,5:45,345,5.75,46.6665,69.9998,58.33,-70.00,-60.00,-70.00,-50.00,-70.00,-54.55,29,140,116,-24,-17.14,57.67,-10.6318965517241,238.5,-192.2,1609.5,10.7
8,5,7/14/2020,9:48,7/14/2020,17:12,116.666,140,128.33,7:24,444,7.40,0,23.3333,11.67,-116.67,-100.00,-116.67,-83.33,-116.67,-90.91,25,140,100,-40,-28.57,88.33,-28.333,148.5,-106.2,1651.8,11.0
8,5,7/14/2020,9:48,7/15/2020,8:31,116.666,140,128.33,22:43:00,1363,22.72,0,0,0.00,-116.67,-100.00,-140.00,-100.00,-128.33,-100.00,19,140,76,-64,-45.71,76.00,-68.8592105263158,1378.5,-769.1,2261.2,15.1
9,5,7/14/2020,10:10,7/14/2020,10:10,123.429,144,133.71,0:00,0,0.00,123.429,144,133.71,0.00,0.00,0.00,0.00,0.00,0.00,36,144,144,0,0.00,10.29,7.14270833333334,1500.0,0.0,1500.0,10.0
9,5,7/14/2020,10:10,7/14/2020,12:57,123.429,144,133.71,2:47,167,2.78,102.857,123.429,113.14,-20.57,-16.67,-20.57,-14.29,-20.57,-15.38,34,144,136,-8,-5.56,22.86,1.68051470588236,250.5,-227.1,1523.4,10.2
9,5,7/14/2020,10:10,7/14/2020,15:41,123.429,144,133.71,5:31,331,5.52,82.2859,102.857,92.57,-41.14,-33.33,-41.14,-28.57,-41.14,-30.77,32,144,128,-16,-11.11,35.43,-4.46445312499999,246.0,-213.2,1556.2,10.4
9,5,7/14/2020,10:10,7/14/2020,17:15,123.429,144,133.71,7:05,425,7.08,82.2859,82.2859,82.29,-41.14,-33.33,-61.71,-42.86,-51.43,-38.46,32,144,128,-16,-11.11,45.71,-4.46445312499999,141.0,-124.8,1572.4,10.5
9,5,7/14/2020,10:10,7/15/2020,8:38,123.429,144,133.71,22:28:00,1348,22.47,61.7144,82.2859,72.00,-61.71,-50.00,-61.71,-42.86,-61.71,-46.15,30,144,120,-24,-16.67,48.00,-11.42875,1384.5,-1161.0,1795.8,12.0
10,5,7/14/2020,10:11,7/14/2020,10:11,126.857,148,137.43,0:00,0,0.00,126.857,148,137.43,0.00,0.00,0.00,0.00,0.00,0.00,37,148,148,0,0.00,10.57,7.14290540540542,1500.0,0.0,1500.0,10.0
10,5,7/14/2020,10:11,7/14/2020,12:58,126.857,148,137.43,2:47,167,2.78,105.714,126.857,116.29,-21.14,-16.67,-21.14,-14.29,-21.14,-15.38,34,148,136,-12,-8.11,19.71,-1.05036764705881,250.5,-227.1,1523.4,10.2
10,5,7/14/2020,10:11,7/14/2020,15:42,126.857,148,137.43,5:31,331,5.52,105.714,126.857,116.29,-21.14,-16.67,-21.14,-14.29,-21.14,-15.38,34,148,136,-12,-8.11,19.71,-1.05036764705881,246.0,-226.5,1542.9,10.3
10,5,7/14/2020,10:11,7/14/2020,17:16,126.857,148,137.43,7:05,425,7.08,105.714,126.857,116.29,-21.14,-16.67,-21.14,-14.29,-21.14,-15.38,34,148,136,-12,-8.11,19.71,-1.05036764705881,141.0,-131.5,1552.4,10.3
10,5,7/14/2020,10:11,7/15/2020,8:39,126.857,148,137.43,22:28:00,1348,22.47,84.5714,105.714,95.14,-42.29,-33.33,-42.29,-28.57,-42.29,-30.77,32,148,128,-20,-13.51,32.86,-7.36601562499999,1384.5,-1222.7,1714.2,11.4
11,5,7/14/2020,10:12,7/14/2020,10:12,123.428,144,133.71,0:00,0,0.00,123.428,144,133.71,0.00,0.00,0.00,0.00,0.00,0.00,36,144,144,0,0.00,10.29,7.14305555555556,1500.0,0.0,1500.0,10.0
11,5,7/14/2020,10:12,7/14/2020,12:59,123.428,144,133.71,2:47,167,2.78,102.857,123.428,113.14,-20.57,-16.67,-20.57,-14.29,-20.57,-15.38,33,144,132,-12,-8.33,18.86,-1.29848484848485,250.5,-220.4,1530.1,10.2
11,5,7/14/2020,10:12,7/14/2020,15:44,123.428,144,133.71,5:32,332,5.53,82.2856,102.857,92.57,-41.14,-33.33,-41.14,-28.57,-41.14,-30.77,32,144,128,-16,-11.11,35.43,-4.4640625,247.5,-215.4,1562.1,10.4
11,5,7/14/2020,10:12,7/14/2020,17:17,123.428,144,133.71,7:05,425,7.08,102.857,123.428,113.14,-20.57,-16.67,-20.57,-14.29,-20.57,-15.38,33,144,132,-12,-8.33,18.86,-1.29848484848485,139.5,-127.8,1573.8,10.5
11,5,7/14/2020,10:12,7/15/2020,8:40,123.428,144,133.71,22:28:00,1348,22.47,61.7142,82.2856,72.00,-61.71,-50.00,-61.71,-42.86,-61.71,-46.15,30,144,120,-24,-16.67,48.00,-11.4283333333333,1384.5,-1162.1,1796.2,12.0
12,5,7/14/2020,10:13,7/14/2020,10:13,130,156,143.00,0:00,0,0.00,130,156,143.00,0.00,0.00,0.00,0.00,0.00,0.00,39,156,156,0,0.00,13.00,8.33333333333333,1500.0,0.0,1500.0,10.0
12,5,7/14/2020,10:13,7/14/2020,13:00,130,156,143.00,2:47,167,2.78,78,104,91.00,-52.00,-40.00,-52.00,-33.33,-52.00,-36.36,35,156,140,-16,-10.26,49.00,-2.14285714285714,250.5,-233.8,1516.7,10.1
12,5,7/14/2020,10:13,7/14/2020,15:45,130,156,143.00,5:32,332,5.53,0,0,0.00,-130.00,-100.00,-156.00,-100.00,-143.00,-100.00,32,156,128,-28,-17.95,128.00,-11.71875,247.5,-213.6,1550.6,10.3
12,5,7/14/2020,10:13,7/14/2020,17:19,130,156,143.00,7:06,426,7.10,0,0,0.00,-130.00,-100.00,-156.00,-100.00,-143.00,-100.00,32,156,128,-28,-17.95,128.00,-11.71875,141.0,-124.4,1567.3,10.4
12,5,7/14/2020,10:13,7/15/2020,8:41,130,156,143.00,22:28:00,1348,22.47,0,0,0.00,-130.00,-100.00,-156.00,-100.00,-143.00,-100.00,30,156,120,-36,-23.08,120.00,-19.1666666666667,1383.0,-1156.0,1794.3,12.0
13,5,7/14/2020,10:42,7/14/2020,10:42,149.333,168,158.67,0:00,0,0.00,149.333,168,158.67,0.00,0.00,0.00,0.00,0.00,0.00,42,168,168,0,0.00,9.33,5.55565476190477,1500.0,0.0,1500.0,10.0
13,5,7/14/2020,10:42,7/14/2020,13:01,149.333,168,158.67,2:19,139,2.32,112,130.667,121.33,-37.33,-25.00,-37.33,-22.22,-37.33,-23.53,36,168,144,-24,-14.29,22.67,-10.1850694444444,208.5,-200.2,1508.3,10.1
13,5,7/14/2020,10:42,7/14/2020,15:52,149.333,168,158.67,5:10,310,5.17,112,130.667,121.33,-37.33,-25.00,-37.33,-22.22,-37.33,-23.53,36,168,144,-24,-14.29,22.67,-10.1850694444444,256.5,-247.6,1517.2,10.1
13,5,7/14/2020,10:42,7/14/2020,17:21,149.333,168,158.67,6:39,399,6.65,112,130.667,121.33,-37.33,-25.00,-37.33,-22.22,-37.33,-23.53,35,168,140,-28,-16.67,18.67,-13.3332142857143,133.5,-126.0,1524.7,10.2
13,5,7/14/2020,10:42,7/15/2020,8:48,149.333,168,158.67,22:06:00,1326,22.10,93.3333,112,102.67,-56.00,-37.50,-56.00,-33.33,-56.00,-35.29,33,168,132,-36,-21.43,29.33,-20.2018939393939,1390.5,-1243.8,1671.4,11.1
14,5,7/14/2020,10:43,7/14/2020,10:43,116.667,140,128.33,0:00,0,0.00,116.667,140,128.33,0.00,0.00,0.00,0.00,0.00,0.00,35,140,140,0,0.00,11.67,8.33321428571427,1500.0,0.0,1500.0,10.0
14,5,7/14/2020,10:43,7/14/2020,13:02,116.667,140,128.33,2:19,139,2.32,116.667,140,128.33,0.00,0.00,0.00,0.00,0.00,0.00,34,140,136,-4,-2.86,7.67,5.63713235294117,208.5,-189.0,1519.5,10.1
14,5,7/14/2020,10:43,7/14/2020,15:53,116.667,140,128.33,5:10,310,5.17,116.667,116.667,116.67,0.00,0.00,-23.33,-16.67,-11.67,-9.09,34,140,136,-4,-2.86,19.33,5.63713235294117,256.5,-235.6,1540.4,10.3
14,5,7/14/2020,10:43,7/14/2020,17:22,116.667,140,128.33,6:39,399,6.65,116.667,116.667,116.67,0.00,0.00,-23.33,-16.67,-11.67,-9.09,33,140,132,-8,-5.71,15.33,2.7776515151515,133.5,-120.6,1553.2,10.4
14,5,7/14/2020,10:43,7/15/2020,8:49,116.667,140,128.33,22:06:00,1326,22.10,70.0002,93.3336,81.67,-46.67,-40.00,-46.67,-33.33,-46.67,-36.36,30,140,120,-20,-14.29,38.33,-6.94458333333335,1390.5,-1151.9,1791.9,11.9
15,5,7/14/2020,10:44,7/14/2020,10:44,147,168,157.50,0:00,0,0.00,147,168,157.50,0.00,0.00,0.00,0.00,0.00,0.00,42,168,168,0,0.00,10.50,6.25,1500.0,0.0,1500.0,10.0
15,5,7/14/2020,10:44,7/14/2020,13:03,147,168,157.50,2:19,139,2.32,147,168,157.50,0.00,0.00,0.00,0.00,0.00,0.00,39,168,156,-12,-7.14,-1.50,-0.961538461538462,208.5,-216.8,1491.7,9.9
15,5,7/14/2020,10:44,7/14/2020,15:54,147,168,157.50,5:10,310,5.17,105,126,115.50,-42.00,-28.57,-42.00,-25.00,-42.00,-26.67,38,168,152,-16,-9.52,36.50,-3.61842105263158,256.5,-258.5,1489.7,9.9
15,5,7/14/2020,10:44,7/14/2020,17:23,147,168,157.50,6:39,399,6.65,126,126,126.00,-21.00,-14.29,-42.00,-25.00,-31.50,-20.00,39,168,156,-12,-7.14,30.00,-0.961538461538462,133.5,-137.9,1485.3,9.9
15,5,7/14/2020,10:44,7/15/2020,8:50,147,168,157.50,22:06:00,1326,22.10,84.0001,105,94.50,-63.00,-42.86,-63.00,-37.50,-63.00,-40.00,36,168,144,-24,-14.29,49.50,-9.375,1390.5,-1321.8,1554.0,10.4
16,5,7/14/2020,10:45,7/14/2020,10:45,133,152,142.50,0:00,0,0.00,133,152,142.50,0.00,0.00,0.00,0.00,0.00,0.00,38,152,152,0,0.00,9.50,6.25,1500.0,0.0,1500.0,10.0
16,5,7/14/2020,10:45,7/14/2020,13:04,133,152,142.50,2:19,139,2.32,114,133,123.50,-19.00,-14.29,-19.00,-12.50,-19.00,-13.33,35,152,140,-12,-7.89,16.50,-1.78571428571429,208.5,-194.6,1513.9,10.1
16,5,7/14/2020,10:45,7/14/2020,15:55,133,152,142.50,5:10,310,5.17,76.0001,95.0001,85.50,-57.00,-42.86,-57.00,-37.50,-57.00,-40.00,32,152,128,-24,-15.79,42.50,-11.328125,256.5,-220.9,1549.5,10.3
16,5,7/14/2020,10:45,7/14/2020,17:25,133,152,142.50,6:40,400,6.67,76.0001,95.0001,85.50,-57.00,-42.86,-57.00,-37.50,-57.00,-40.00,30,152,120,-32,-21.05,34.50,-18.75,135.0,-111.6,1572.9,10.5
16,5,7/14/2020,10:45,7/15/2020,8:51,133,152,142.50,22:06:00,1326,22.10,0,19,9.50,-133.00,-100.00,-133.00,-87.50,-133.00,-93.33,23,152,92,-60,-39.47,82.50,-54.8913043478261,1389.0,-893.3,2068.6,13.8
